Store #,Walmart Week,Banner Desc,Day One Preparation Date,Day Two Install Date,Installation Arrival Time,Day Three Go Live Date,Zoom Training Call Date & Time,Zoom Training Call Link,Zoom Dial In Number,,
2834,WK36,WM Supercenter w Tethered Fuel,10/3/2021,10/4/2021,7AM - 9AM,10/5/2021,"Thursday, October 7, from 1 - 3 p.m. CT / 2 - 4 p.m. ET",https://walmart.zoom.us/j/91604459154?pwd=RXlmZ2RvcytNbktJb0szZkpoemlxdz09,"1(877) 853-5257 (US Toll Free), Meeting ID: 916 0445 9154",,
3043,WK36,Neighborhood Market w Tethered fuel,10/3/2021,10/4/2021,1PM - 3PM,10/5/2021,"Thursday, October 7, from 1 - 3 p.m. CT / 2 - 4 p.m. ET",https://walmart.zoom.us/j/91604459154?pwd=RXlmZ2RvcytNbktJb0szZkpoemlxdz09,"1(877) 853-5257 (US Toll Free), Meeting ID: 916 0445 9154",,
4130,WK36,WM Supercenter w Tethered Fuel,10/3/2021,10/4/2021,7AM - 9AM,10/5/2021,"Thursday, October 7, from 1 - 3 p.m. CT / 2 - 4 p.m. ET",https://walmart.zoom.us/j/91604459154?pwd=RXlmZ2RvcytNbktJb0szZkpoemlxdz09,"1(877) 853-5257 (US Toll Free), Meeting ID: 916 0445 9154",,
4503,WK36,WM Supercenter w Tethered Fuel,10/3/2021,10/4/2021,7AM - 9AM,10/5/2021,"Thursday, October 7, from 1 - 3 p.m. CT / 2 - 4 p.m. ET",https://walmart.zoom.us/j/97863460364?pwd=cDNpTzJKbTZuQTBHUHlwb2pTNmlMQT09,"1(877) 853-5257 (US Toll Free), Meeting ID: 978 6346 0364",,
1137,WK36,WM Supercenter w Tethered Fuel,10/4/2021,10/5/2021,7AM - 9AM,10/6/2021,"Thursday, October 7, from 1 - 3 p.m. CT / 2 - 4 p.m. ET",https://walmart.zoom.us/j/97863460364?pwd=cDNpTzJKbTZuQTBHUHlwb2pTNmlMQT09,"1(877) 853-5257 (US Toll Free), Meeting ID: 978 6346 0364",,
1279,WK36,WM Supercenter w Stand Alone ACC,10/4/2021,10/5/2021,7AM - 9AM,10/6/2021,"Thursday, October 7, from 1 - 3 p.m. CT / 2 - 4 p.m. ET",https://walmart.zoom.us/j/97863460364?pwd=cDNpTzJKbTZuQTBHUHlwb2pTNmlMQT09,"1(877) 853-5257 (US Toll Free), Meeting ID: 978 6346 0364",,
3169,WK36,WM Supercenter w Tethered Fuel,10/4/2021,10/5/2021,1PM - 3PM,10/6/2021,"Thursday, October 7, from 1 - 3 p.m. CT / 2 - 4 p.m. ET",https://walmart.zoom.us/j/93470117006?pwd=N0Y4RHFHRTVxcU53THV0Wmtzb1JBZz09,"1(877) 853-5257 (US Toll Free), Meeting ID: 934 7011 7006",,
3170,WK36,WM Supercenter w Tethered Fuel,10/4/2021,10/5/2021,7AM - 9AM,10/6/2021,"Thursday, October 7, from 1 - 3 p.m. CT / 2 - 4 p.m. ET",https://walmart.zoom.us/j/93470117006?pwd=N0Y4RHFHRTVxcU53THV0Wmtzb1JBZz09,"1(877) 853-5257 (US Toll Free), Meeting ID: 934 7011 7007",,
4416,WK36,WM Supercenter w Tethered Fuel,10/4/2021,10/5/2021,1PM - 3PM,10/6/2021,"Thursday, October 7, from 1 - 3 p.m. CT / 2 - 4 p.m. ET",https://walmart.zoom.us/j/93470117006?pwd=N0Y4RHFHRTVxcU53THV0Wmtzb1JBZz09,"1(877) 853-5257 (US Toll Free), Meeting ID: 934 7011 7008",,
4055,WK36,WM Supercenter w Tethered Fuel,10/5/2021,10/6/2021,7AM - 9AM,10/7/2021,"Thursday, October 7, from 1 - 3 p.m. CT / 2 - 4 p.m. ET",https://walmart.zoom.us/j/93470117006?pwd=N0Y4RHFHRTVxcU53THV0Wmtzb1JBZz09,"1(877) 853-5257 (US Toll Free), Meeting ID: 934 7011 7009",,
4512,WK36,WM Supercenter w Tethered Fuel,10/5/2021,10/6/2021,6am - 8am,10/7/2021,"Thursday, October 7, from 1 - 3 p.m. CT / 2 - 4 p.m. ET",https://walmart.zoom.us/j/92747265002?pwd=TnJKZGxGT2NQV2NLL3JjZTlDanNEUT09,"1(877) 853-5257 (US Toll Free), Meeting ID: 927 4726 5002",,
4674,WK36,Neighborhood Market w Tethered fuel,10/5/2021,10/6/2021,7AM - 9AM,10/7/2021,"Thursday, October 7, from 1 - 3 p.m. CT / 2 - 4 p.m. ET",https://walmart.zoom.us/j/92747265002?pwd=TnJKZGxGT2NQV2NLL3JjZTlDanNEUT09,"1(877) 853-5257 (US Toll Free), Meeting ID: 927 4726 5002",,
7310,WK36,Neighborhood Market w Tethered fuel,10/6/2021,10/7/2021,9AM - 11AM,10/8/2021,"Thursday, October 7, from 1 - 3 p.m. CT / 2 - 4 p.m. ET",https://walmart.zoom.us/j/92747265002?pwd=TnJKZGxGT2NQV2NLL3JjZTlDanNEUT09,"1(877) 853-5257 (US Toll Free), Meeting ID: 927 4726 5002",,
4104,WK37,Neighborhood Market w Tethered fuel,10/10/2021,10/11/2021,7AM - 9AM,10/12/2021,"Thursday, October 14, from 1 - 3 p.m. CT / 2 - 4 p.m. ET",https://walmart.zoom.us/j/91604459154?pwd=RXlmZ2RvcytNbktJb0szZkpoemlxdz09,"1(877) 853-5257 (US Toll Free), Meeting ID: 916 0445 9154",,
6078,WK37,Neighborhood Market w Tethered fuel,10/10/2021,10/11/2021,7AM - 9AM,10/12/2021,"Thursday, October 14, from 1 - 3 p.m. CT / 2 - 4 p.m. ET",https://walmart.zoom.us/j/91604459154?pwd=RXlmZ2RvcytNbktJb0szZkpoemlxdz09,"1(877) 853-5257 (US Toll Free), Meeting ID: 916 0445 9154",,
6963,WK37,WM Supercenter w Tethered Fuel,10/10/2021,10/11/2021,7AM - 9AM,10/12/2021,"Thursday, October 14, from 1 - 3 p.m. CT / 2 - 4 p.m. ET",https://walmart.zoom.us/j/99721989428?pwd=NVExZGF0VDFTMllndkhQMkt3U3phZz09,"1(877) 853-5257 (US Toll Free), Meeting ID: 997 2198 9428",,
6578,WK37,Neighborhood Market w Tethered fuel,10/11/2021,10/12/2021,7AM - 9AM,10/13/2021,"Thursday, October 14, from 1 - 3 p.m. CT / 2 - 4 p.m. ET",https://walmart.zoom.us/j/97863460364?pwd=cDNpTzJKbTZuQTBHUHlwb2pTNmlMQT09,"1(877) 853-5257 (US Toll Free), Meeting ID: 978 6346 0364",,
7232,WK37,Neighborhood Market w Tethered fuel,10/11/2021,10/12/2021,7AM - 9AM,10/13/2021,"Thursday, October 14, from 1 - 3 p.m. CT / 2 - 4 p.m. ET",https://walmart.zoom.us/j/97863460364?pwd=cDNpTzJKbTZuQTBHUHlwb2pTNmlMQT09,"1(877) 853-5257 (US Toll Free), Meeting ID: 978 6346 0364",,
2463,WK37,WM Supercenter w Tethered Fuel,10/12/2021,10/13/2021,7AM - 9AM,10/14/2021,"Thursday, October 14, from 1 - 3 p.m. CT / 2 - 4 p.m. ET",https://walmart.zoom.us/j/91604459154?pwd=RXlmZ2RvcytNbktJb0szZkpoemlxdz09,"1(877) 853-5257 (US Toll Free), Meeting ID: 916 0445 9154",,
5707,WK37,WM Supercenter w Tethered Fuel,10/12/2021,10/13/2021,7AM - 9AM,10/14/2021,"Thursday, October 14, from 1 - 3 p.m. CT / 2 - 4 p.m. ET",https://walmart.zoom.us/j/99721989428?pwd=NVExZGF0VDFTMllndkhQMkt3U3phZz09,"1(877) 853-5257 (US Toll Free), Meeting ID: 997 2198 9428",,
6851,WK37,Neighborhood Market w Tethered fuel,10/12/2021,10/13/2021,7AM - 9AM,10/14/2021,"Thursday, October 14, from 1 - 3 p.m. CT / 2 - 4 p.m. ET",https://walmart.zoom.us/j/99721989428?pwd=NVExZGF0VDFTMllndkhQMkt3U3phZz09,"1(877) 853-5257 (US Toll Free), Meeting ID: 997 2198 9428",,
7224,WK37,Neighborhood Market w Tethered fuel,10/12/2021,10/13/2021,7AM - 9AM,10/14/2021,"Thursday, October 14, from 1 - 3 p.m. CT / 2 - 4 p.m. ET",https://walmart.zoom.us/j/99721989428?pwd=NVExZGF0VDFTMllndkhQMkt3U3phZz09,"1(877) 853-5257 (US Toll Free), Meeting ID: 997 2198 9428",,
818,WK38,WM Supercenter w Liquor Box,10/17/2021,10/18/2021,7AM - 9AM,10/19/2021,"Thursday, October 21, from 1 - 3 p.m. CT / 2 - 4 p.m. ET",https://walmart.zoom.us/j/96984202460?pwd=NlQ0dS9SOTF3OFBEYld2Qkw3TWtPZz09,"1(877) 853 5257 (US Toll Free), Meeting ID: 969 8420 2460",,
2105,WK38,WM Supercenter w Tethered Fuel,10/17/2021,10/18/2021,7AM - 9AM,10/19/2021,"Thursday, October 21, from 1 - 3 p.m. CT / 2 - 4 p.m. ET",https://walmart.zoom.us/j/96984202460?pwd=NlQ0dS9SOTF3OFBEYld2Qkw3TWtPZz09,"1(877) 853 5257 (US Toll Free), Meeting ID: 969 8420 2460",,
7178,WK38,WM Supercenter w Tethered Fuel,10/17/2021,10/18/2021,7AM - 9AM,10/19/2021,"Thursday, October 21, from 1 - 3 p.m. CT / 2 - 4 p.m. ET",https://walmart.zoom.us/j/96984202460?pwd=NlQ0dS9SOTF3OFBEYld2Qkw3TWtPZz09,"1(877) 853 5257 (US Toll Free), Meeting ID: 969 8420 2460",,
163,WK38,WM Supercenter w Tethered Fuel,10/18/2021,10/19/2021,7AM - 9AM,10/20/2021,"Thursday, October 21, from 1 - 3 p.m. CT / 2 - 4 p.m. ET",https://walmart.zoom.us/j/96984202460?pwd=NlQ0dS9SOTF3OFBEYld2Qkw3TWtPZz09,"1(877) 853 5257 (US Toll Free), Meeting ID: 969 8420 2460",,
5420,WK38,WM Supercenter w Liquor Box,10/18/2021,10/19/2021,7AM - 9AM,10/20/2021,"Thursday, October 21, from 1 - 3 p.m. CT / 2 - 4 p.m. ET",https://walmart.zoom.us/j/99721989428?pwd=NVExZGF0VDFTMllndkhQMkt3U3phZz09,"1(877) 853 5257 (US Toll Free), Meeting ID: 997 2198 9428",,
6467,WK38,WM Supercenter w Tethered Fuel,10/18/2021,10/19/2021,7AM - 9AM,10/20/2021,"Thursday, October 21, from 1 - 3 p.m. CT / 2 - 4 p.m. ET",https://walmart.zoom.us/j/99721989428?pwd=NVExZGF0VDFTMllndkhQMkt3U3phZz09,"1(877) 853 5257 (US Toll Free), Meeting ID: 997 2198 9428",,
236,WK38,WM Supercenter w Tethered Fuel,10/19/2021,10/20/2021,7AM - 9AM,10/21/2021,"Thursday, October 21, from 1 - 3 p.m. CT / 2 - 4 p.m. ET",https://walmart.zoom.us/j/99721989428?pwd=NVExZGF0VDFTMllndkhQMkt3U3phZz09,"1(877) 853 5257 (US Toll Free), Meeting ID: 997 2198 9428",,
817,WK38,WM Supercenter w Liquor Box,10/19/2021,10/20/2021,7AM - 9AM,10/21/2021,"Thursday, October 21, from 1 - 3 p.m. CT / 2 - 4 p.m. ET",https://walmart.zoom.us/j/99721989428?pwd=NVExZGF0VDFTMllndkhQMkt3U3phZz09,"1(877) 853 5257 (US Toll Free), Meeting ID: 997 2198 9428",,
3585,WK39,WM Supercenter w Tethered Fuel,10/24/2021,10/25/2021,7AM - 9AM,10/26/2021,"Thursday, October 28, from 1 - 3 p.m. CT / 2 - 4 p.m. ET",https://walmart.zoom.us/j/96984202460?pwd=NlQ0dS9SOTF3OFBEYld2Qkw3TWtPZz09,"1(877) 853 5257 (US Toll Free), Meeting ID: 969 8420 2460",,
5805,WK39,Neighborhood Market w Tethered fuel,10/24/2021,10/25/2021,7AM - 9AM,10/26/2021,"Thursday, October 28, from 1 - 3 p.m. CT / 2 - 4 p.m. ET",https://walmart.zoom.us/j/96984202460?pwd=NlQ0dS9SOTF3OFBEYld2Qkw3TWtPZz09,"1(877) 853 5257 (US Toll Free), Meeting ID: 969 8420 2460",,
7156,WK39,WM Supercenter w Tethered Fuel,10/24/2021,10/25/2021,7AM - 9AM,10/26/2021,"Thursday, October 28, from 1 - 3 p.m. CT / 2 - 4 p.m. ET",https://walmart.zoom.us/j/93607294724?pwd=cS9sU0lBeTBRWHlOZlEvdFppZEVBdz09,"1(877) 853 5257 (US Toll Free), Meeting ID: 936 0729 4724",,
351,WK39,WM Supercenter w Tethered Fuel,10/25/2021,10/26/2021,7AM - 9AM,10/27/2021,"Thursday, October 28, from 1 - 3 p.m. CT / 2 - 4 p.m. ET",https://walmart.zoom.us/j/96984202460?pwd=NlQ0dS9SOTF3OFBEYld2Qkw3TWtPZz09,"1(877) 853 5257 (US Toll Free), Meeting ID: 969 8420 2460",,
6286,WK39,WM Supercenter w Tethered Fuel,10/25/2021,10/26/2021,7AM - 9AM,10/27/2021,"Thursday, October 28, from 1 - 3 p.m. CT / 2 - 4 p.m. ET",https://walmart.zoom.us/j/93607294724?pwd=cS9sU0lBeTBRWHlOZlEvdFppZEVBdz09,"1(877) 853 5257 (US Toll Free), Meeting ID: 936 0729 4724",,
7308,WK39,Neighborhood Market w Tethered fuel,10/25/2021,10/26/2021,7AM - 9AM,10/27/2021,"Thursday, October 28, from 1 - 3 p.m. CT / 2 - 4 p.m. ET",https://walmart.zoom.us/j/93607294724?pwd=cS9sU0lBeTBRWHlOZlEvdFppZEVBdz09,"1(877) 853 5257 (US Toll Free), Meeting ID: 936 0729 4724",,
4102,WK39,WM Supercenter w Tethered Fuel,10/26/2021,10/27/2021,7AM - 9AM,10/28/2021,"Thursday, October 28, from 1 - 3 p.m. CT / 2 - 4 p.m. ET",https://walmart.zoom.us/j/96984202460?pwd=NlQ0dS9SOTF3OFBEYld2Qkw3TWtPZz09,"1(877) 853 5257 (US Toll Free), Meeting ID: 969 8420 2460",,
7294,WK39,WM Supercenter w Tethered Fuel,10/26/2021,10/27/2021,7AM - 9AM,10/28/2021,"Thursday, October 28, from 1 - 3 p.m. CT / 2 - 4 p.m. ET",https://walmart.zoom.us/j/93607294724?pwd=cS9sU0lBeTBRWHlOZlEvdFppZEVBdz09,"1(877) 853 5257 (US Toll Free), Meeting ID: 936 0729 4724",,
2695,WK 40,WM Supercenter w Liquor Box,10/31/2021,11/1/2021,7 AM,11/2/2021,"Thursday, November 4, from 1 - 3 p.m. CT / 2 - 4 p.m. ET",https://walmart.zoom.us/j/96984202460?pwd=NlQ0dS9SOTF3OFBEYld2Qkw3TWtPZz09,"1(877) 853 5257 (US Toll Free), Meeting ID: 969 8420 2460",,
3202,WK 40,Neighborhood Market w Tethered fuel,10/31/2021,11/1/2021,1 PM,11/2/2021,"Thursday, November 4, from 1 - 3 p.m. CT / 2 - 4 p.m. ET",https://walmart.zoom.us/j/93607294724?pwd=cS9sU0lBeTBRWHlOZlEvdFppZEVBdz09,"1(877) 853 5257 (US Toll Free), Meeting ID: 936 0729 4724",,
4194,WK 40,WM Supercenter w Tethered Fuel,10/31/2021,11/1/2021,7 AM,11/2/2021,"Thursday, November 4, from 1 - 3 p.m. CT / 2 - 4 p.m. ET",https://walmart.zoom.us/j/93607294724?pwd=cS9sU0lBeTBRWHlOZlEvdFppZEVBdz09,"1(877) 853 5257 (US Toll Free), Meeting ID: 936 0729 4724",,
5299,WK 40,WM Supercenter w Liquor Box,10/31/2021,11/1/2021,2 PM,11/2/2021,"Thursday, November 4, from 1 - 3 p.m. CT / 2 - 4 p.m. ET",https://walmart.zoom.us/j/93607294724?pwd=cS9sU0lBeTBRWHlOZlEvdFppZEVBdz09,"1(877) 853 5257 (US Toll Free), Meeting ID: 936 0729 4724",,
7326,WK 40,WM Supercenter w Tethered Fuel,10/31/2021,11/1/2021,7 AM,11/2/2021,"Thursday, November 4, from 1 - 3 p.m. CT / 2 - 4 p.m. ET",https://walmart.zoom.us/j/99721989428?pwd=NVExZGF0VDFTMllndkhQMkt3U3phZz09,"1(877) 853 5257 (US Toll Free), Meeting ID: 997 2198 9428",,
58,WK 40,WM Supercenter w Tethered Fuel,11/1/2021,11/2/2021,8 AM,11/3/2021,"Thursday, November 4, from 1 - 3 p.m. CT / 2 - 4 p.m. ET",https://walmart.zoom.us/j/96984202460?pwd=NlQ0dS9SOTF3OFBEYld2Qkw3TWtPZz09,"1(877) 853 5257 (US Toll Free), Meeting ID: 969 8420 2460",,
1957,WK 40,WM Supercenter w Liquor Box,11/1/2021,11/2/2021,7 AM,11/3/2021,"Thursday, November 4, from 1 - 3 p.m. CT / 2 - 4 p.m. ET",https://walmart.zoom.us/j/96984202460?pwd=NlQ0dS9SOTF3OFBEYld2Qkw3TWtPZz09,"1(877) 853 5257 (US Toll Free), Meeting ID: 969 8420 2460",,
2984,WK 40,Neighborhood Market w Tethered fuel,11/1/2021,11/2/2021,7 AM,11/3/2021,"Thursday, November 4, from 1 - 3 p.m. CT / 2 - 4 p.m. ET",https://walmart.zoom.us/j/96984202460?pwd=NlQ0dS9SOTF3OFBEYld2Qkw3TWtPZz09,"1(877) 853 5257 (US Toll Free), Meeting ID: 969 8420 2460",,
5391,WK 40,WM Supercenter w Liquor Box,11/1/2021,11/2/2021,2 PM,11/3/2021,"Thursday, November 4, from 1 - 3 p.m. CT / 2 - 4 p.m. ET",https://walmart.zoom.us/j/93607294724?pwd=cS9sU0lBeTBRWHlOZlEvdFppZEVBdz09,"1(877) 853 5257 (US Toll Free), Meeting ID: 936 0729 4724",,
5717,WK 40,WM Supercenter w Tethered Fuel,11/1/2021,11/2/2021,8 AM,11/3/2021,"Thursday, November 4, from 1 - 3 p.m. CT / 2 - 4 p.m. ET",https://walmart.zoom.us/j/99721989428?pwd=NVExZGF0VDFTMllndkhQMkt3U3phZz09,"1(877) 853 5257 (US Toll Free), Meeting ID: 997 2198 9428",,
1224,WK 40,WM Supercenter w Liquor Box,11/2/2021,11/3/2021,7 AM,11/4/2021,"Thursday, November 4, from 1 - 3 p.m. CT / 2 - 4 p.m. ET",https://walmart.zoom.us/j/96984202460?pwd=NlQ0dS9SOTF3OFBEYld2Qkw3TWtPZz09,"1(877) 853 5257 (US Toll Free), Meeting ID: 969 8420 2460",,
4686,WK 40,Neighborhood Market w Tethered fuel,11/2/2021,11/3/2021,8 AM,11/4/2021,"Thursday, November 4, from 1 - 3 p.m. CT / 2 - 4 p.m. ET",https://walmart.zoom.us/j/93607294724?pwd=cS9sU0lBeTBRWHlOZlEvdFppZEVBdz09,"1(877) 853 5257 (US Toll Free), Meeting ID: 936 0729 4724",,
5771,WK 40,Neighborhood Market w Tethered fuel,11/2/2021,11/3/2021,2 PM,11/4/2021,"Thursday, November 4, from 1 - 3 p.m. CT / 2 - 4 p.m. ET",https://walmart.zoom.us/j/99721989428?pwd=NVExZGF0VDFTMllndkhQMkt3U3phZz09,"1(877) 853 5257 (US Toll Free), Meeting ID: 997 2198 9428",,
6898,WK 40,WM Supercenter w Tethered Fuel,11/2/2021,11/3/2021,8 AM,11/4/2021,"Thursday, November 4, from 1 - 3 p.m. CT / 2 - 4 p.m. ET",https://walmart.zoom.us/j/99721989428?pwd=NVExZGF0VDFTMllndkhQMkt3U3phZz09,"1(877) 853 5257 (US Toll Free), Meeting ID: 997 2198 9428",,
6971,WK 40,Neighborhood Market w Tethered fuel,11/2/2021,11/3/2021,8 AM,11/4/2021,"Thursday, November 4, from 1 - 3 p.m. CT / 2 - 4 p.m. ET",https://walmart.zoom.us/j/99721989428?pwd=NVExZGF0VDFTMllndkhQMkt3U3phZz09,"1(877) 853 5257 (US Toll Free), Meeting ID: 997 2198 9428",,
721,WK41,WM Supercenter w Liquor Box,11/7/2021,11/8/2021,7 – 9 AM ,11/9/2021,"Thursday, November 11, from 1 - 3 p.m. CT / 2 - 4 p.m. ET",https://walmart.zoom.us/j/96984202460?pwd=NlQ0dS9SOTF3OFBEYld2Qkw3TWtPZz09,"1(877) 853 5257 (US Toll Free), Meeting ID: 969 8420 2460",,
819,WK41,WM Supercenter w Liquor Box,11/7/2021,11/8/2021,11 AM – 1 PM,11/9/2021,"Thursday, November 11, from 1 - 3 p.m. CT / 2 - 4 p.m. ET",https://walmart.zoom.us/j/96984202460?pwd=NlQ0dS9SOTF3OFBEYld2Qkw3TWtPZz09,"1(877) 853 5257 (US Toll Free), Meeting ID: 969 8420 2460",,
929,WK41,WM Supercenter w Liquor Box,11/7/2021,11/8/2021,7 – 9 AM ,11/9/2021,"Thursday, November 11, from 1 - 3 p.m. CT / 2 - 4 p.m. ET",https://walmart.zoom.us/j/96984202460?pwd=NlQ0dS9SOTF3OFBEYld2Qkw3TWtPZz09,"1(877) 853 5257 (US Toll Free), Meeting ID: 969 8420 2460",,
3527,WK41,WM Supercenter w Liquor Box,11/7/2021,11/8/2021,11 AM – 1 PM,11/9/2021,"Thursday, November 11, from 1 - 3 p.m. CT / 2 - 4 p.m. ET",https://walmart.zoom.us/j/93607294724?pwd=cS9sU0lBeTBRWHlOZlEvdFppZEVBdz09,"1(877) 853 5257 (US Toll Free), Meeting ID: 936 0729 4724",,
769,WK41,WM Supercenter w Liquor Box,11/8/2021,11/9/2021,7 – 9 AM ,11/10/2021,"Thursday, November 11, from 1 - 3 p.m. CT / 2 - 4 p.m. ET",https://walmart.zoom.us/j/96984202460?pwd=NlQ0dS9SOTF3OFBEYld2Qkw3TWtPZz09,"1(877) 853 5257 (US Toll Free), Meeting ID: 969 8420 2460",,
1874,WK41,WM Supercenter w Liquor Box,11/8/2021,11/9/2021,11 AM – 1 PM,11/10/2021,"Thursday, November 11, from 1 - 3 p.m. CT / 2 - 4 p.m. ET",https://walmart.zoom.us/j/93607294724?pwd=cS9sU0lBeTBRWHlOZlEvdFppZEVBdz09,"1(877) 853 5257 (US Toll Free), Meeting ID: 936 0729 4724",,
3619,WK41,Neighborhood Market w Tethered fuel,11/8/2021,11/9/2021,7 – 9 AM ,11/10/2021,"Thursday, November 11, from 1 - 3 p.m. CT / 2 - 4 p.m. ET",https://walmart.zoom.us/j/93607294724?pwd=cS9sU0lBeTBRWHlOZlEvdFppZEVBdz09,"1(877) 853 5257 (US Toll Free), Meeting ID: 936 0729 4724",,
3885,WK41,Neighborhood Market w Tethered fuel,11/8/2021,11/9/2021,12 – 2 PM,11/10/2021,"Thursday, November 11, from 1 - 3 p.m. CT / 2 - 4 p.m. ET",https://walmart.zoom.us/j/93607294724?pwd=cS9sU0lBeTBRWHlOZlEvdFppZEVBdz09,"1(877) 853 5257 (US Toll Free), Meeting ID: 936 0729 4724",,
3880,WK41,Neighborhood Market w Tethered fuel,11/9/2021,11/10/2021,7 – 9 AM ,11/11/2021,"Thursday, November 11, from 1 - 3 p.m. CT / 2 - 4 p.m. ET",https://walmart.zoom.us/j/93607294724?pwd=cS9sU0lBeTBRWHlOZlEvdFppZEVBdz09,"1(877) 853 5257 (US Toll Free), Meeting ID: 936 0729 4724",,
5034,WK41,WM Supercenter w Liquor Box,11/9/2021,11/10/2021,7 – 9 AM ,11/11/2021,"Thursday, November 11, from 1 - 3 p.m. CT / 2 - 4 p.m. ET",https://walmart.zoom.us/j/99721989428?pwd=NVExZGF0VDFTMllndkhQMkt3U3phZz09,"1(877) 853 5257 (US Toll Free), Meeting ID: 997 2198 9428",,
5143,WK41,Neighborhood Market w Tethered fuel,11/9/2021,11/10/2021,12 – 2 PM,11/11/2021,"Thursday, November 11, from 1 - 3 p.m. CT / 2 - 4 p.m. ET",https://walmart.zoom.us/j/99721989428?pwd=NVExZGF0VDFTMllndkhQMkt3U3phZz09,"1(877) 853 5257 (US Toll Free), Meeting ID: 997 2198 9428",,
7209,WK41,Neighborhood Market w Tethered fuel,11/9/2021,11/10/2021,8 - 10 AM,11/11/2021,"Thursday, November 11, from 1 - 3 p.m. CT / 2 - 4 p.m. ET",https://walmart.zoom.us/j/99721989428?pwd=NVExZGF0VDFTMllndkhQMkt3U3phZz09,"1(877) 853 5257 (US Toll Free), Meeting ID: 997 2198 9428",,
6190,WK41,WM Supercenter w Tethered Fuel,11/10/2021,11/11/2021,12 – 2 PM,11/12/2021,"Thursday, November 11, from 1 - 3 p.m. CT / 2 - 4 p.m. ET",https://walmart.zoom.us/j/99721989428?pwd=NVExZGF0VDFTMllndkhQMkt3U3phZz09,"1(877) 853 5257 (US Toll Free), Meeting ID: 997 2198 9428",,
7337,WK41,Neighborhood Market w Tethered fuel,11/10/2021,11/11/2021,11 AM – 1 PM,11/12/2021,"Thursday, November 11, from 1 - 3 p.m. CT / 2 - 4 p.m. ET",https://walmart.zoom.us/j/99721989428?pwd=NVExZGF0VDFTMllndkhQMkt3U3phZz09,"1(877) 853 5257 (US Toll Free), Meeting ID: 997 2198 9428",,
154,WK 42,WM Supercenter w Tethered Fuel,11/14/2021,11/15/2021,7 AM - 9 AM,11/16/2021,"Thursday, November 18, from 1 - 3 p.m. CT / 2 - 4 p.m. ET",https://walmart.zoom.us/j/96984202460?pwd=NlQ0dS9SOTF3OFBEYld2Qkw3TWtPZz09,"1(877) 853 5257 (US Toll Free), Meeting ID: 969 8420 2460",,
3713,WK 42,Neighborhood Market w Tethered fuel,11/14/2021,11/15/2021,7 AM - 9 AM,11/16/2021,"Thursday, November 18, from 1 - 3 p.m. CT / 2 - 4 p.m. ET",https://walmart.zoom.us/j/96984202460?pwd=NlQ0dS9SOTF3OFBEYld2Qkw3TWtPZz09,"1(877) 853 5257 (US Toll Free), Meeting ID: 969 8420 2460",,
6395,WK 42,WM Supercenter w Tethered Fuel,11/14/2021,11/15/2021,12 PM - 2 PM,11/16/2021,"Thursday, November 18, from 1 - 3 p.m. CT / 2 - 4 p.m. ET",https://walmart.zoom.us/j/93607294724?pwd=cS9sU0lBeTBRWHlOZlEvdFppZEVBdz09,"1(877) 853 5257 (US Toll Free), Meeting ID: 936 0729 4724",,
3480,WK 42,WM Supercenter w Tethered Fuel,11/15/2021,11/16/2021,7 AM - 9 AM,11/17/2021,"Thursday, November 18, from 1 - 3 p.m. CT / 2 - 4 p.m. ET",https://walmart.zoom.us/j/96984202460?pwd=NlQ0dS9SOTF3OFBEYld2Qkw3TWtPZz09,"1(877) 853 5257 (US Toll Free), Meeting ID: 969 8420 2460",,
4443,WK 42,Neighborhood Market w Tethered fuel,11/15/2021,11/16/2021,8 AM - 10 AM,11/17/2021,"Thursday, November 18, from 1 - 3 p.m. CT / 2 - 4 p.m. ET",https://walmart.zoom.us/j/93607294724?pwd=cS9sU0lBeTBRWHlOZlEvdFppZEVBdz09,"1(877) 853 5257 (US Toll Free), Meeting ID: 936 0729 4724",,
4445,WK 42,Neighborhood Market w Tethered fuel,11/15/2021,11/16/2021,1 PM - 3 PM,11/17/2021,"Thursday, November 18, from 1 - 3 p.m. CT / 2 - 4 p.m. ET",https://walmart.zoom.us/j/93607294724?pwd=cS9sU0lBeTBRWHlOZlEvdFppZEVBdz09,"1(877) 853 5257 (US Toll Free), Meeting ID: 936 0729 4724",,
3628,WK 42,Neighborhood Market w Tethered fuel,11/16/2021,11/17/2021,7 AM - 9 AM,11/18/2021,"Thursday, November 18, from 1 - 3 p.m. CT / 2 - 4 p.m. ET",https://walmart.zoom.us/j/96984202460?pwd=NlQ0dS9SOTF3OFBEYld2Qkw3TWtPZz09,"1(877) 853 5257 (US Toll Free), Meeting ID: 969 8420 2460",,
3899,WK 42,Neighborhood Market w Tethered fuel,11/16/2021,11/17/2021,1 PM - 3 PM,11/18/2021,"Thursday, November 18, from 1 - 3 p.m. CT / 2 - 4 p.m. ET",https://walmart.zoom.us/j/93607294724?pwd=cS9sU0lBeTBRWHlOZlEvdFppZEVBdz09,"1(877) 853 5257 (US Toll Free), Meeting ID: 936 0729 4724",,
4452,WK 42,Neighborhood Market w Tethered fuel,11/16/2021,11/17/2021,1 PM - 3 PM,11/18/2021,"Thursday, November 18, from 1 - 3 p.m. CT / 2 - 4 p.m. ET",https://walmart.zoom.us/j/93607294724?pwd=cS9sU0lBeTBRWHlOZlEvdFppZEVBdz09,"1(877) 853 5257 (US Toll Free), Meeting ID: 936 0729 4724",,
2699,WK44,Neighborhood Market w Tethered fuel,11/28/2021,11/29/2021,7 - 9 am,11/30/2021,"Thursday, December 2, from 1 - 3 p.m. CT / 2 - 4 p.m. ET",https://walmart.zoom.us/j/96984202460?pwd=NlQ0dS9SOTF3OFBEYld2Qkw3TWtPZz09,"1(877) 853 5257 (US Toll Free), Meeting ID: 969 8420 2460",,
2731,WK44,Neighborhood Market w Tethered fuel,11/28/2021,11/29/2021,11 am - 1 pm ,11/30/2021,"Thursday, December 2, from 1 - 3 p.m. CT / 2 - 4 p.m. ET",https://walmart.zoom.us/j/96984202460?pwd=NlQ0dS9SOTF3OFBEYld2Qkw3TWtPZz09,"1(877) 853 5257 (US Toll Free), Meeting ID: 969 8420 2460",,
3614,WK44,Neighborhood Market w Tethered fuel,11/28/2021,11/29/2021,7 - 9 am,11/30/2021,"Thursday, December 2, from 1 - 3 p.m. CT / 2 - 4 p.m. ET",https://walmart.zoom.us/j/93607294724?pwd=cS9sU0lBeTBRWHlOZlEvdFppZEVBdz09,"1(877) 853 5257 (US Toll Free), Meeting ID: 936 0729 4724",,
603,WK44,WM Supercenter w Liquor Box,11/29/2021,11/30/2021,9 – 11 am,12/1/2021,"Thursday, December 2, from 1 - 3 p.m. CT / 2 - 4 p.m. ET",https://walmart.zoom.us/j/96984202460?pwd=NlQ0dS9SOTF3OFBEYld2Qkw3TWtPZz09,"1(877) 853 5257 (US Toll Free), Meeting ID: 969 8420 2460",,
3622,WK44,Neighborhood Market w Tethered fuel,11/29/2021,11/30/2021,12 - 2 pm,11/30/2021,"Thursday, December 2, from 1 - 3 p.m. CT / 2 - 4 p.m. ET",https://walmart.zoom.us/j/93607294724?pwd=cS9sU0lBeTBRWHlOZlEvdFppZEVBdz09,"1(877) 853 5257 (US Toll Free), Meeting ID: 936 0729 4724",,
3743,WK44,Neighborhood Market w Tethered fuel,11/29/2021,11/30/2021,8 - 10 am ,12/1/2021,"Thursday, December 2, from 1 - 3 p.m. CT / 2 - 4 p.m. ET",https://walmart.zoom.us/j/99721989428?pwd=NVExZGF0VDFTMllndkhQMkt3U3phZz09,"1(877) 853 5257 (US Toll Free), Meeting ID: 997 2198 9428",,
4519,WK44,Neighborhood Market w Tethered fuel,11/29/2021,11/30/2021,7 - 9 am,12/1/2021,"Thursday, December 2, from 1 - 3 p.m. CT / 2 - 4 p.m. ET",https://walmart.zoom.us/j/99721989428?pwd=NVExZGF0VDFTMllndkhQMkt3U3phZz09,"1(877) 853 5257 (US Toll Free), Meeting ID: 997 2198 9428",,
4525,WK44,Neighborhood Market w Tethered fuel,11/29/2021,11/30/2021,11 am - 1 pm ,12/1/2021,"Thursday, December 2, from 1 - 3 p.m. CT / 2 - 4 p.m. ET",https://walmart.zoom.us/j/99721989428?pwd=NVExZGF0VDFTMllndkhQMkt3U3phZz09,"1(877) 853 5257 (US Toll Free), Meeting ID: 997 2198 9428",,
4695,WK44,WM Supercenter w Tethered Fuel,11/29/2021,11/30/2021,7 - 9 am,12/1/2021,"Thursday, December 2, from 1 - 3 p.m. CT / 2 - 4 p.m. ET",https://walmart.zoom.us/j/99721989428?pwd=NVExZGF0VDFTMllndkhQMkt3U3phZz09,"1(877) 853 5257 (US Toll Free), Meeting ID: 997 2198 9428",,
1395,WK44,WM Supercenter w Tethered Fuel & Liquor Box,11/30/2021,12/1/2021,7 - 9 am,12/2/2021,"Thursday, December 2, from 1 - 3 p.m. CT / 2 - 4 p.m. ET",https://walmart.zoom.us/j/96984202460?pwd=NlQ0dS9SOTF3OFBEYld2Qkw3TWtPZz09,"1(877) 853 5257 (US Toll Free), Meeting ID: 969 8420 2460",,
1531,WK44,WM Supercenter w Tethered Fuel,11/30/2021,12/1/2021,8 - 10 am ,12/2/2021,"Thursday, December 2, from 1 - 3 p.m. CT / 2 - 4 p.m. ET",https://walmart.zoom.us/j/96984202460?pwd=NlQ0dS9SOTF3OFBEYld2Qkw3TWtPZz09,"1(877) 853 5257 (US Toll Free), Meeting ID: 969 8420 2460",,
2801,WK44,Neighborhood Market w Tethered fuel,11/30/2021,12/1/2021,7 - 9 am,12/2/201,"Thursday, December 2, from 1 - 3 p.m. CT / 2 - 4 p.m. ET",https://walmart.zoom.us/j/93607294724?pwd=cS9sU0lBeTBRWHlOZlEvdFppZEVBdz09,"1(877) 853 5257 (US Toll Free), Meeting ID: 936 0729 4724",,
2940,WK44,Neighborhood Market w Tethered fuel,11/30/2021,12/1/2021,7 - 9 am,12/2/201,"Thursday, December 2, from 1 - 3 p.m. CT / 2 - 4 p.m. ET",https://walmart.zoom.us/j/93607294724?pwd=cS9sU0lBeTBRWHlOZlEvdFppZEVBdz09,"1(877) 853 5257 (US Toll Free), Meeting ID: 936 0729 4724",,
3605,WK44,Neighborhood Market w Tethered fuel,11/30/2021,12/1/2021,7 - 9 am,12/2/201,"Thursday, December 2, from 1 - 3 p.m. CT / 2 - 4 p.m. ET",https://walmart.zoom.us/j/93607294724?pwd=cS9sU0lBeTBRWHlOZlEvdFppZEVBdz09,"1(877) 853 5257 (US Toll Free), Meeting ID: 936 0729 4724",,
5198,WK44,Neighborhood Market w Tethered fuel,11/30/2021,12/1/2021,11 am - 1 pm ,12/2/201,"Thursday, December 2, from 1 - 3 p.m. CT / 2 - 4 p.m. ET",https://walmart.zoom.us/j/99721989428?pwd=NVExZGF0VDFTMllndkhQMkt3U3phZz09,"1(877) 853 5257 (US Toll Free), Meeting ID: 997 2198 9428",,
2244,WK 45,WM Supercenter w Tethered Fuel,12/5/2021,12/6/2021,9-11AM,12/7/2021,"Thursday, December 9, from 1 - 3 p.m. CT / 2 - 4 p.m. ET",https://walmart.zoom.us/j/96984202460?pwd=NlQ0dS9SOTF3OFBEYld2Qkw3TWtPZz09,"1(877) 853 5257 (US Toll Free), Meeting ID: 969 8420 2460",,
3736,WK 45,Neighborhood Market w Tethered fuel,12/5/2021,12/6/2021,8-10AM,12/7/2021,"Thursday, December 9, from 1 - 3 p.m. CT / 2 - 4 p.m. ET",https://walmart.zoom.us/j/96984202460?pwd=NlQ0dS9SOTF3OFBEYld2Qkw3TWtPZz09,"1(877) 853 5257 (US Toll Free), Meeting ID: 969 8420 2460",,
4206,WK 45,Neighborhood Market w Tethered fuel,12/5/2021,12/6/2021,9-11AM,12/7/2021,"Thursday, December 9, from 1 - 3 p.m. CT / 2 - 4 p.m. ET",https://walmart.zoom.us/j/96984202460?pwd=NlQ0dS9SOTF3OFBEYld2Qkw3TWtPZz09,"1(877) 853 5257 (US Toll Free), Meeting ID: 969 8420 2460",,
2823,WK 45,WM Supercenter w Tethered Fuel,12/6/2021,12/7/2021,8-10AM,12/8/2021,"Thursday, December 9, from 1 - 3 p.m. CT / 2 - 4 p.m. ET",https://walmart.zoom.us/j/96984202460?pwd=NlQ0dS9SOTF3OFBEYld2Qkw3TWtPZz09,"1(877) 853 5257 (US Toll Free), Meeting ID: 969 8420 2460",,
2846,WK 45,WM Supercenter w Tethered Fuel,12/6/2021,12/7/2021,10AM-12PM,12/8/2021,"Thursday, December 9, from 1 - 3 p.m. CT / 2 - 4 p.m. ET",https://walmart.zoom.us/j/93607294724?pwd=cS9sU0lBeTBRWHlOZlEvdFppZEVBdz09,"1(877) 853 5257 (US Toll Free), Meeting ID: 936 0729 4724",,
2858,WK 45,Neighborhood Market w Tethered fuel,12/6/2021,12/7/2021,8-10AM,12/8/2021,"Thursday, December 9, from 1 - 3 p.m. CT / 2 - 4 p.m. ET",https://walmart.zoom.us/j/93607294724?pwd=cS9sU0lBeTBRWHlOZlEvdFppZEVBdz09,"1(877) 853 5257 (US Toll Free), Meeting ID: 936 0729 4724",,
5125,WK 45,Neighborhood Market w Tethered fuel,12/6/2021,12/7/2021,8-10AM,12/8/2021,"Thursday, December 9, from 1 - 3 p.m. CT / 2 - 4 p.m. ET",https://walmart.zoom.us/j/93607294724?pwd=cS9sU0lBeTBRWHlOZlEvdFppZEVBdz09,"1(877) 853 5257 (US Toll Free), Meeting ID: 936 0729 4724",,
2849,WK 45,WM Supercenter w Tethered Fuel,12/7/2021,12/8/2021,8-10AM,12/9/2021,"Thursday, December 9, from 1 - 3 p.m. CT / 2 - 4 p.m. ET",https://walmart.zoom.us/j/93607294724?pwd=cS9sU0lBeTBRWHlOZlEvdFppZEVBdz09,"1(877) 853 5257 (US Toll Free), Meeting ID: 936 0729 4724",,
3060,WK 45,WM Supercenter w Tethered Fuel,12/7/2021,12/8/2021,8-10AM,12/9/2021,"Thursday, December 9, from 1 - 3 p.m. CT / 2 - 4 p.m. ET",https://walmart.zoom.us/j/93607294724?pwd=cS9sU0lBeTBRWHlOZlEvdFppZEVBdz09,"1(877) 853 5257 (US Toll Free), Meeting ID: 936 0729 4724",,
4527,WK 45,Neighborhood Market w Tethered fuel,12/7/2021,12/8/2021,8-10AM,12/9/2021,"Thursday, December 9, from 1 - 3 p.m. CT / 2 - 4 p.m. ET",https://walmart.zoom.us/j/99721989428?pwd=NVExZGF0VDFTMllndkhQMkt3U3phZz09,"1(877) 853 5257 (US Toll Free), Meeting ID: 997 2198 9428",,
5261,WK 45,WM Supercenter w Tethered Fuel & Liquor Box,12/7/2021,12/8/2021,10AM-12PM,12/9/2021,"Thursday, December 9, from 1 - 3 p.m. CT / 2 - 4 p.m. ET",https://walmart.zoom.us/j/99721989428?pwd=NVExZGF0VDFTMllndkhQMkt3U3phZz09,"1(877) 853 5257 (US Toll Free), Meeting ID: 997 2198 9428",,
7241,WK 45,Neighborhood Market w Tethered fuel,12/7/2021,12/8/2021,8-10AM,12/9/2021,"Thursday, December 9, from 1 - 3 p.m. CT / 2 - 4 p.m. ET",https://walmart.zoom.us/j/99721989428?pwd=NVExZGF0VDFTMllndkhQMkt3U3phZz09,"1(877) 853 5257 (US Toll Free), Meeting ID: 997 2198 9428",,
5037,WK 45,WM Supercenter w Liquor Box,12/8/2021,12/9/2021,8-10AM,12/10/2021,"Thursday, December 9, from 1 - 3 p.m. CT / 2 - 4 p.m. ET",https://walmart.zoom.us/j/99721989428?pwd=NVExZGF0VDFTMllndkhQMkt3U3phZz09,"1(877) 853 5257 (US Toll Free), Meeting ID: 997 2198 9428",,
3752,WK 46,Neighborhood Market w Tethered fuel,12/12/2021,12/13/2021,8-10AM,12/14/2021,"Thursday, December 16, from 1 - 3 p.m. CT / 2 - 4 p.m. ET",https://walmart.zoom.us/j/96984202460?pwd=NlQ0dS9SOTF3OFBEYld2Qkw3TWtPZz09,"1(877) 853 5257 (US Toll Free), Meeting ID: 969 8420 2460",,
2852,WK 46,WM Supercenter w Tethered Fuel,12/13/2021,12/14/2021,10AM-12PM,12/15/2021,"Thursday, December 16, from 1 - 3 p.m. CT / 2 - 4 p.m. ET",https://walmart.zoom.us/j/96984202460?pwd=NlQ0dS9SOTF3OFBEYld2Qkw3TWtPZz09,"1(877) 853 5257 (US Toll Free), Meeting ID: 969 8420 2460",,
5459,WK 46,Neighborhood Market w Tethered fuel,12/13/2021,12/14/2021,10AM-12PM,12/15/2021,"Thursday, December 16, from 1 - 3 p.m. CT / 2 - 4 p.m. ET",https://walmart.zoom.us/j/96984202460?pwd=NlQ0dS9SOTF3OFBEYld2Qkw3TWtPZz09,"1(877) 853 5257 (US Toll Free), Meeting ID: 969 8420 2460",,
7020,WK 46,WM Supercenter w Tethered Fuel,12/13/2021,12/14/2021,1-3PM,12/15/2021,"Thursday, December 16, from 1 - 3 p.m. CT / 2 - 4 p.m. ET",https://walmart.zoom.us/j/93607294724?pwd=cS9sU0lBeTBRWHlOZlEvdFppZEVBdz09,"1(877) 853 5257 (US Toll Free), Meeting ID: 936 0729 4724",,
2684,WK 46,WM Supercenter w Tethered Fuel,12/14/2021,12/15/2021,8-10AM,12/16/2021,"Thursday, December 16, from 1 - 3 p.m. CT / 2 - 4 p.m. ET",https://walmart.zoom.us/j/93607294724?pwd=cS9sU0lBeTBRWHlOZlEvdFppZEVBdz09,"1(877) 853 5257 (US Toll Free), Meeting ID: 936 0729 4724",,
5102,WK 46,Neighborhood Market w Tethered fuel,12/14/2021,12/15/2021,9-11AM,12/16/2021,"Thursday, December 16, from 1 - 3 p.m. CT / 2 - 4 p.m. ET",https://walmart.zoom.us/j/93607294724?pwd=cS9sU0lBeTBRWHlOZlEvdFppZEVBdz09,"1(877) 853 5257 (US Toll Free), Meeting ID: 936 0729 4724",,
6807,WK 46,WM Supercenter w Tethered Fuel,12/14/2021,12/15/2021,9-11AM,12/16/2021,"Thursday, December 16, from 1 - 3 p.m. CT / 2 - 4 p.m. ET",https://walmart.zoom.us/j/93607294724?pwd=cS9sU0lBeTBRWHlOZlEvdFppZEVBdz09,"1(877) 853 5257 (US Toll Free), Meeting ID: 936 0729 4724",,
6964,WK 46,WM Supercenter w Tethered Fuel,12/14/2021,12/15/2021,8-10AM,12/16/2021,"Thursday, December 16, from 1 - 3 p.m. CT / 2 - 4 p.m. ET",https://walmart.zoom.us/j/93607294724?pwd=cS9sU0lBeTBRWHlOZlEvdFppZEVBdz09,"1(877) 853 5257 (US Toll Free), Meeting ID: 936 0729 4724",,
591,WK 48,WM Supercenter w Liquor Box,12/26/2021,12/27/2021,8-10AM,12/28/2021,"Thursday, December 30 from 1 - 3 p.m. CT / 2 - 4 p.m. ET",https://walmart.zoom.us/j/96984202460?pwd=NlQ0dS9SOTF3OFBEYld2Qkw3TWtPZz09,"1(877) 853 5257 (US Toll Free), Meeting ID: 969 8420 2460",,
1038,WK 48,WM Supercenter w Liquor Box,12/26/2021,12/27/2021,9-11AM,12/28/2021,"Thursday, December 30 from 1 - 3 p.m. CT / 2 - 4 p.m. ET",https://walmart.zoom.us/j/96984202460?pwd=NlQ0dS9SOTF3OFBEYld2Qkw3TWtPZz09,"1(877) 853 5257 (US Toll Free), Meeting ID: 969 8420 2460",,
1522,WK 48,WM Supercenter w Tethered Fuel,12/26/2021,12/27/2021,10AM-12PM,12/28/2021,"Thursday, December 30 from 1 - 3 p.m. CT / 2 - 4 p.m. ET",https://walmart.zoom.us/j/96984202460?pwd=NlQ0dS9SOTF3OFBEYld2Qkw3TWtPZz09,"1(877) 853 5257 (US Toll Free), Meeting ID: 969 8420 2460",,
1699,WK 48,WM Supercenter w Tethered Fuel,12/26/2021,12/27/2021,8-10AM,12/28/2021,"Thursday, December 30 from 1 - 3 p.m. CT / 2 - 4 p.m. ET",https://walmart.zoom.us/j/96984202460?pwd=NlQ0dS9SOTF3OFBEYld2Qkw3TWtPZz09,"1(877) 853 5257 (US Toll Free), Meeting ID: 969 8420 2460",,
3739,WK 48,WM Supercenter w Tethered Fuel,12/26/2021,12/27/2021,9-11AM,12/28/2021,"Thursday, December 30 from 1 - 3 p.m. CT / 2 - 4 p.m. ET",https://walmart.zoom.us/j/96984202460?pwd=NlQ0dS9SOTF3OFBEYld2Qkw3TWtPZz09,"1(877) 853 5257 (US Toll Free), Meeting ID: 969 8420 2460",,
655,WK 48,WM Supercenter w Tethered Fuel & Liquor Box,12/27/2021,12/28/2021,8-10AM,12/29/2021,"Thursday, December 30 from 1 - 3 p.m. CT / 2 - 4 p.m. ET",https://walmart.zoom.us/j/93607294724?pwd=cS9sU0lBeTBRWHlOZlEvdFppZEVBdz09,"1(877) 853 5257 (US Toll Free), Meeting ID: 936 0729 4724",,
1653,WK 48,WM Supercenter w Tethered Fuel,12/27/2021,12/28/2021,8-10AM,12/29/2021,"Thursday, December 30 from 1 - 3 p.m. CT / 2 - 4 p.m. ET",https://walmart.zoom.us/j/93607294724?pwd=cS9sU0lBeTBRWHlOZlEvdFppZEVBdz09,"1(877) 853 5257 (US Toll Free), Meeting ID: 936 0729 4724",,
3568,WK 48,WM Supercenter w Tethered Fuel,12/27/2021,12/28/2021,9-11AM,12/29/2021,"Thursday, December 30 from 1 - 3 p.m. CT / 2 - 4 p.m. ET",https://walmart.zoom.us/j/93607294724?pwd=cS9sU0lBeTBRWHlOZlEvdFppZEVBdz09,"1(877) 853 5257 (US Toll Free), Meeting ID: 936 0729 4724",,
4692,WK 48,Neighborhood Market w Tethered fuel,12/27/2021,12/28/2021,9-11AM,12/29/2021,"Thursday, December 30 from 1 - 3 p.m. CT / 2 - 4 p.m. ET",https://walmart.zoom.us/j/93607294724?pwd=cS9sU0lBeTBRWHlOZlEvdFppZEVBdz09,"1(877) 853 5257 (US Toll Free), Meeting ID: 936 0729 4724",,
7185,WK 48,WM Supercenter w Tethered Fuel,12/27/2021,12/28/2021,9-11AM,12/29/2021,"Thursday, December 30 from 1 - 3 p.m. CT / 2 - 4 p.m. ET",https://walmart.zoom.us/j/93607294724?pwd=cS9sU0lBeTBRWHlOZlEvdFppZEVBdz09,"1(877) 853 5257 (US Toll Free), Meeting ID: 936 0729 4724",,
1572,WK 48,WM Supercenter w Tethered Fuel,12/28/2021,12/29/2021,8-10AM,12/30/2021,"Thursday, December 30 from 1 - 3 p.m. CT / 2 - 4 p.m. ET",https://walmart.zoom.us/j/99721989428?pwd=NVExZGF0VDFTMllndkhQMkt3U3phZz09,"1(877) 853 5257 (US Toll Free), Meeting ID: 997 2198 9428",,
1714,WK 48,WM Supercenter w Tethered Fuel,12/28/2021,12/29/2021,9-11AM,12/30/2021,"Thursday, December 30 from 1 - 3 p.m. CT / 2 - 4 p.m. ET",https://walmart.zoom.us/j/99721989428?pwd=NVExZGF0VDFTMllndkhQMkt3U3phZz09,"1(877) 853 5257 (US Toll Free), Meeting ID: 997 2198 9428",,
3897,WK 48,WM Supercenter w Tethered Fuel,12/28/2021,12/29/2021,9-11AM,12/30/2021,"Thursday, December 30 from 1 - 3 p.m. CT / 2 - 4 p.m. ET",https://walmart.zoom.us/j/99721989428?pwd=NVExZGF0VDFTMllndkhQMkt3U3phZz09,"1(877) 853 5257 (US Toll Free), Meeting ID: 997 2198 9428",,
4203,WK 48,WM Supercenter w Tethered Fuel,12/28/2021,12/29/2021,8-10AM,12/30/2021,"Thursday, December 30 from 1 - 3 p.m. CT / 2 - 4 p.m. ET",https://walmart.zoom.us/j/99721989428?pwd=NVExZGF0VDFTMllndkhQMkt3U3phZz09,"1(877) 853 5257 (US Toll Free), Meeting ID: 997 2198 9428",,
4585,WK 48,WM Supercenter w Liquor Box,12/28/2021,12/29/2021,10AM-12PM,12/30/2021,"Thursday, December 30 from 1 - 3 p.m. CT / 2 - 4 p.m. ET",https://walmart.zoom.us/j/99721989428?pwd=NVExZGF0VDFTMllndkhQMkt3U3phZz09,"1(877) 853 5257 (US Toll Free), Meeting ID: 997 2198 9428",,
1516,WK 49,WM Supercenter w Tethered Fuel,1/3/2022,1/4/2022,12 -1 PM,1/5/2022,"Thursday, January 6 from 1 - 3 p.m. CT / 2 - 4 p.m. ET",https://walmart.zoom.us/j/93589345748?pwd=eDBKSGM2QTBMaVRZTml6QUd2OG1Fdz09,"1(877) 853 5257 (US Toll Free), Meeting ID: 935 8934 5748",,
1726,WK 49,WM Supercenter w Tethered Fuel,1/3/2022,1/4/2022,11AM-1PM,1/5/2022,"Thursday, January 6 from 1 - 3 p.m. CT / 2 - 4 p.m. ET",https://walmart.zoom.us/j/93589345748?pwd=eDBKSGM2QTBMaVRZTml6QUd2OG1Fdz09,"1(877) 853 5257 (US Toll Free), Meeting ID: 935 8934 5748",,
3727,WK 49,Neighborhood Market w Tethered fuel,1/3/2022,1/4/2022,1-3 PM,1/5/2022,"Thursday, January 6 from 1 - 3 p.m. CT / 2 - 4 p.m. ET",https://walmart.zoom.us/j/93589345748?pwd=eDBKSGM2QTBMaVRZTml6QUd2OG1Fdz09,"1(877) 853 5257 (US Toll Free), Meeting ID: 935 8934 5748",,
4591,WK 49,Neighborhood Market w Tethered fuel,1/3/2022,1/4/2022,10AM-12PM,1/5/2022,"Thursday, January 6 from 1 - 3 p.m. CT / 2 - 4 p.m. ET",https://walmart.zoom.us/j/93589345748?pwd=eDBKSGM2QTBMaVRZTml6QUd2OG1Fdz09,"1(877) 853 5257 (US Toll Free), Meeting ID: 935 8934 5748",,
5280,WK 49,WM Supercenter w Tethered Fuel,1/3/2022,1/4/2022,11AM-1PM,1/5/2022,"Thursday, January 6 from 1 - 3 p.m. CT / 2 - 4 p.m. ET",https://walmart.zoom.us/j/93589345748?pwd=eDBKSGM2QTBMaVRZTml6QUd2OG1Fdz09,"1(877) 853 5257 (US Toll Free), Meeting ID: 935 8934 5748",,
3745,WK 49,Neighborhood Market w Tethered fuel,1/4/2022,1/5/2022,8-10 AM,1/6/2022,"Thursday, January 6 from 1 - 3 p.m. CT / 2 - 4 p.m. ET",https://walmart.zoom.us/j/93607294724?pwd=cS9sU0lBeTBRWHlOZlEvdFppZEVBdz09,"1(877) 853 5257 (US Toll Free), Meeting ID: 936 0729 4724",,
4577,WK 49,Neighborhood Market w Tethered fuel,1/4/2022,1/5/2022,1-3 PM,1/6/2022,"Thursday, January 6 from 1 - 3 p.m. CT / 2 - 4 p.m. ET",https://walmart.zoom.us/j/93607294724?pwd=cS9sU0lBeTBRWHlOZlEvdFppZEVBdz09,"1(877) 853 5257 (US Toll Free), Meeting ID: 936 0729 4724",,
5081,WK 49,Neighborhood Market w Tethered fuel,1/4/2022,1/5/2022,1-3 PM,1/6/2022,"Thursday, January 6 from 1 - 3 p.m. CT / 2 - 4 p.m. ET",https://walmart.zoom.us/j/93607294724?pwd=cS9sU0lBeTBRWHlOZlEvdFppZEVBdz09,"1(877) 853 5257 (US Toll Free), Meeting ID: 936 0729 4724",,
5327,WK 49,Neighborhood Market w Tethered fuel,1/4/2022,1/5/2022,9-11 AM,1/6/2022,"Thursday, January 6 from 1 - 3 p.m. CT / 2 - 4 p.m. ET",https://walmart.zoom.us/j/93607294724?pwd=cS9sU0lBeTBRWHlOZlEvdFppZEVBdz09,"1(877) 853 5257 (US Toll Free), Meeting ID: 936 0729 4724",,
7199,WK 49,WM Supercenter w Tethered Fuel,1/4/2022,1/5/2022,8-10 AM,1/6/2022,"Thursday, January 6 from 1 - 3 p.m. CT / 2 - 4 p.m. ET",https://walmart.zoom.us/j/93607294724?pwd=cS9sU0lBeTBRWHlOZlEvdFppZEVBdz09,"1(877) 853 5257 (US Toll Free), Meeting ID: 936 0729 4724",,
438,WK 49,WM Supercenter w Tethered Fuel,1/5/2022,1/6/2022,9-11 AM,1/7/2022,"Thursday, January 6 from 1 - 3 p.m. CT / 2 - 4 p.m. ET",https://walmart.zoom.us/j/99721989428?pwd=NVExZGF0VDFTMllndkhQMkt3U3phZz09,"1(877) 853 5257 (US Toll Free), Meeting ID: 997 2198 9428",,
1139,WK 49,WM Supercenter w Liquor Box,1/5/2022,1/6/2022,10AM-12PM,1/7/2022,"Thursday, January 6 from 1 - 3 p.m. CT / 2 - 4 p.m. ET",https://walmart.zoom.us/j/99721989428?pwd=NVExZGF0VDFTMllndkhQMkt3U3phZz09,"1(877) 853 5257 (US Toll Free), Meeting ID: 997 2198 9428",,
1878,WK 49,WM Supercenter w Tethered Fuel,1/5/2022,1/6/2022,8-10 AM,1/7/2022,"Thursday, January 6 from 1 - 3 p.m. CT / 2 - 4 p.m. ET",https://walmart.zoom.us/j/99721989428?pwd=NVExZGF0VDFTMllndkhQMkt3U3phZz09,"1(877) 853 5257 (US Toll Free), Meeting ID: 997 2198 9428",,
1961,WK 49,WM Supercenter w Liquor Box,1/5/2022,1/6/2022,1-3 PM,1/7/2022,"Thursday, January 6 from 1 - 3 p.m. CT / 2 - 4 p.m. ET",https://walmart.zoom.us/j/99721989428?pwd=NVExZGF0VDFTMllndkhQMkt3U3phZz09,"1(877) 853 5257 (US Toll Free), Meeting ID: 997 2198 9428",,
6932,WK 49,WM Supercenter w Tethered Fuel & Liquor Box,1/5/2022,1/6/2022,8-10 AM,1/7/2022,"Thursday, January 6 from 1 - 3 p.m. CT / 2 - 4 p.m. ET",https://walmart.zoom.us/j/99721989428?pwd=NVExZGF0VDFTMllndkhQMkt3U3phZz09,"1(877) 853 5257 (US Toll Free), Meeting ID: 997 2198 9428",,
7281,WK 49,WM Supercenter w Tethered Fuel,1/5/2022,1/6/2022,1-3 PM,1/7/2022,"Thursday, January 6 from 1 - 3 p.m. CT / 2 - 4 p.m. ET",https://walmart.zoom.us/j/99721989428?pwd=NVExZGF0VDFTMllndkhQMkt3U3phZz09,"1(877) 853 5257 (US Toll Free), Meeting ID: 997 2198 9428",,
6876,WK 50,Neighborhood Market w Tethered fuel,1/9/2022,1/10/2022,10 AM-12 PM,1/11/2022,"Thursday, January 13 from 1 - 3 p.m. CT / 2 - 4 p.m. ET",https://walmart.zoom.us/j/93589345748?pwd=eDBKSGM2QTBMaVRZTml6QUd2OG1Fdz09,"1(877) 853 5257 (US Toll Free), Meeting ID: 935 8934 5748",,
2508,WK 50,WM Supercenter w Tethered Fuel,1/9/2022,1/10/2022,8-10 AM,1/11/2022,"Thursday, January 13 from 1 - 3 p.m. CT / 2 - 4 p.m. ET",https://walmart.zoom.us/j/93589345748?pwd=eDBKSGM2QTBMaVRZTml6QUd2OG1Fdz09,"1(877) 853 5257 (US Toll Free), Meeting ID: 935 8934 5748",,
692,WK 50,WM Supercenter w Liquor Box,1/9/2022,1/10/2022,1-3 PM,1/11/2022,"Thursday, January 13 from 1 - 3 p.m. CT / 2 - 4 p.m. ET",https://walmart.zoom.us/j/93589345748?pwd=eDBKSGM2QTBMaVRZTml6QUd2OG1Fdz09,"1(877) 853 5257 (US Toll Free), Meeting ID: 935 8934 5748",,
1636,WK 50,WM Supercenter w Liquor Box,1/9/2022,1/10/2022,9-11 AM,1/11/2022,"Thursday, January 13 from 1 - 3 p.m. CT / 2 - 4 p.m. ET",https://walmart.zoom.us/j/93589345748?pwd=eDBKSGM2QTBMaVRZTml6QUd2OG1Fdz09,"1(877) 853 5257 (US Toll Free), Meeting ID: 935 8934 5748",,
3646,WK 50,Neighborhood Market w Tethered fuel,1/9/2022,1/10/2022,11AM-1PM,1/11/2022,"Thursday, January 13 from 1 - 3 p.m. CT / 2 - 4 p.m. ET",https://walmart.zoom.us/j/93589345748?pwd=eDBKSGM2QTBMaVRZTml6QUd2OG1Fdz09,"1(877) 853 5257 (US Toll Free), Meeting ID: 935 8934 5748",,
1573,WK 50,WM Supercenter w Tethered Fuel,1/9/2022,1/10/2022,10 AM-12 PM,1/11/2022,"Thursday, January 13 from 1 - 3 p.m. CT / 2 - 4 p.m. ET",https://walmart.zoom.us/j/96278125500?pwd=V3JyTUlNek5YaFE2Tlh0WGRuTndIZz09,"1(877) 853 5257 (US Toll Free), Meeting ID: 962 7812 5500",,
2862,WK 50,WM Supercenter w Tethered Fuel,1/10/2022,1/11/2022,8-10 AM,1/12/2022,"Thursday, January 13 from 1 - 3 p.m. CT / 2 - 4 p.m. ET",https://walmart.zoom.us/j/96278125500?pwd=V3JyTUlNek5YaFE2Tlh0WGRuTndIZz09,"1(877) 853 5257 (US Toll Free), Meeting ID: 962 7812 5500",,
3093,WK 50,WM Supercenter w Tethered Fuel,1/10/2022,1/11/2022,1-3 PM,1/12/2022,"Thursday, January 13 from 1 - 3 p.m. CT / 2 - 4 p.m. ET",https://walmart.zoom.us/j/96278125500?pwd=V3JyTUlNek5YaFE2Tlh0WGRuTndIZz09,"1(877) 853 5257 (US Toll Free), Meeting ID: 962 7812 5500",,
689,WK 50,WM Supercenter w Liquor Box,1/10/2022,1/11/2022,9-11 AM,1/12/2022,"Thursday, January 13 from 1 - 3 p.m. CT / 2 - 4 p.m. ET",https://walmart.zoom.us/j/96278125500?pwd=V3JyTUlNek5YaFE2Tlh0WGRuTndIZz09,"1(877) 853 5257 (US Toll Free), Meeting ID: 962 7812 5500",,
1534,WK 50,WM Supercenter w Liquor Box,1/10/2022,1/11/2022,9-11 AM,1/12/2022,"Thursday, January 13 from 1 - 3 p.m. CT / 2 - 4 p.m. ET",https://walmart.zoom.us/j/96278125500?pwd=V3JyTUlNek5YaFE2Tlh0WGRuTndIZz09,"1(877) 853 5257 (US Toll Free), Meeting ID: 962 7812 5500",,
3723,WK 50,Neighborhood Market w Tethered fuel,1/11/2022,1/12/2022,10 AM-12 PM,1/13/2022,"Thursday, January 13 from 1 - 3 p.m. CT / 2 - 4 p.m. ET",https://walmart.zoom.us/j/98274978918?pwd=cTk0RjNuaVo4dGR2aU1oUGdxcjhoZz09,"1(877) 853 5257 (US Toll Free), Meeting ID: 982 7497 8918",,
3638,WK 50,Neighborhood Market w Tethered fuel,1/10/2022,1/11/2022,10 AM-12 PM,1/12/2022,"Thursday, January 13 from 1 - 3 p.m. CT / 2 - 4 p.m. ET",https://walmart.zoom.us/j/98274978918?pwd=cTk0RjNuaVo4dGR2aU1oUGdxcjhoZz09,"1(877) 853 5257 (US Toll Free), Meeting ID: 982 7497 8918",,
711,WK 50,WM Supercenter w Liquor Box,1/11/2022,1/12/2022,9-11 AM,1/13/2022,"Thursday, January 13 from 1 - 3 p.m. CT / 2 - 4 p.m. ET",https://walmart.zoom.us/j/98274978918?pwd=cTk0RjNuaVo4dGR2aU1oUGdxcjhoZz09,"1(877) 853 5257 (US Toll Free), Meeting ID: 982 7497 8918",,
1567,WK 50,WM Supercenter w Liquor Box,1/11/2022,1/12/2022,9-11 AM,1/13/2022,"Thursday, January 13 from 1 - 3 p.m. CT / 2 - 4 p.m. ET",https://walmart.zoom.us/j/98274978918?pwd=cTk0RjNuaVo4dGR2aU1oUGdxcjhoZz09,"1(877) 853 5257 (US Toll Free), Meeting ID: 982 7497 8918",,
6962,WK 50,Neighborhood Market w Tethered fuel,1/11/2022,1/12/2022,10AM-12PM,1/13/2022,"Thursday, January 13 from 1 - 3 p.m. CT / 2 - 4 p.m. ET",https://walmart.zoom.us/j/98274978918?pwd=cTk0RjNuaVo4dGR2aU1oUGdxcjhoZz09,"1(877) 853 5257 (US Toll Free), Meeting ID: 982 7497 8918",,
919,WK 51,WM Supercenter w Liquor Box,1/16/2022,1/17/2022,1-3 PM,1/18/2022,"Thursday, January 20 from 1 - 3 p.m. CT / 2 - 4 p.m. ET",https://walmart.zoom.us/j/93589345748?pwd=eDBKSGM2QTBMaVRZTml6QUd2OG1Fdz09,"1(877) 853 5257 (US Toll Free), Meeting ID: 935 8934 5748",,
3075,WK 51,WM Supercenter w Liquor Box,1/16/2022,1/17/2022,8-10 AM,1/18/2022,"Thursday, January 20 from 1 - 3 p.m. CT / 2 - 4 p.m. ET",https://walmart.zoom.us/j/93589345748?pwd=eDBKSGM2QTBMaVRZTml6QUd2OG1Fdz09,"1(877) 853 5257 (US Toll Free), Meeting ID: 935 8934 5748",,
967,WK 51,WM Supercenter w Liquor Box,1/16/2022,1/17/2022,8-10 AM,1/18/2022,"Thursday, January 20 from 1 - 3 p.m. CT / 2 - 4 p.m. ET",https://walmart.zoom.us/j/93589345748?pwd=eDBKSGM2QTBMaVRZTml6QUd2OG1Fdz09,"1(877) 853 5257 (US Toll Free), Meeting ID: 935 8934 5748",,
2773,WK 51,Neighborhood Market w Tethered fuel,1/16/2022,1/17/2022,8-10 AM,1/18/2022,"Thursday, January 20 from 1 - 3 p.m. CT / 2 - 4 p.m. ET",https://walmart.zoom.us/j/93589345748?pwd=eDBKSGM2QTBMaVRZTml6QUd2OG1Fdz09,"1(877) 853 5257 (US Toll Free), Meeting ID: 935 8934 5748",,
4756,WK 51,Neighborhood Market w Tethered fuel,1/17/2022,1/18/2022,1-3 PM,1/19/2022,"Thursday, January 20 from 1 - 3 p.m. CT / 2 - 4 p.m. ET",https://walmart.zoom.us/j/96278125500?pwd=V3JyTUlNek5YaFE2Tlh0WGRuTndIZz09,"1(877) 853 5257 (US Toll Free), Meeting ID: 962 7812 5500",,
4672,WK 51,Neighborhood Market w Tethered fuel,1/17/2022,1/18/2022,8-10 AM,1/19/2022,"Thursday, January 20 from 1 - 3 p.m. CT / 2 - 4 p.m. ET",https://walmart.zoom.us/j/96278125500?pwd=V3JyTUlNek5YaFE2Tlh0WGRuTndIZz09,"1(877) 853 5257 (US Toll Free), Meeting ID: 962 7812 5500",,
547,WK 51,WM Supercenter w Liquor Box,1/17/2022,1/18/2022,8-10 AM,1/19/2022,"Thursday, January 20 from 1 - 3 p.m. CT / 2 - 4 p.m. ET",https://walmart.zoom.us/j/96278125500?pwd=V3JyTUlNek5YaFE2Tlh0WGRuTndIZz09,"1(877) 853 5257 (US Toll Free), Meeting ID: 962 7812 5500",,
706,WK 51,WM Supercenter w Liquor Box,1/17/2022,1/18/2022,10AM-12PM,1/19/2022,"Thursday, January 20 from 1 - 3 p.m. CT / 2 - 4 p.m. ET",https://walmart.zoom.us/j/96278125500?pwd=V3JyTUlNek5YaFE2Tlh0WGRuTndIZz09,"1(877) 853 5257 (US Toll Free), Meeting ID: 962 7812 5500",,
7342,WK 51,Neighborhood Market w Tethered fuel,1/18/2022,1/19/2022,8-10 AM,1/20/2022,"Thursday, January 20 from 1 - 3 p.m. CT / 2 - 4 p.m. ET",https://walmart.zoom.us/j/98274978918?pwd=cTk0RjNuaVo4dGR2aU1oUGdxcjhoZz09,"1(877) 853 5257 (US Toll Free), Meeting ID: 982 7497 8918",,
2387,WK 51,WM Supercenter w Liquor Box,1/16/2022,1/17/2022,8-10 AM,1/18/2022,"Thursday, January 20 from 1 - 3 p.m. CT / 2 - 4 p.m. ET",https://walmart.zoom.us/j/98274978918?pwd=cTk0RjNuaVo4dGR2aU1oUGdxcjhoZz09,"1(877) 853 5257 (US Toll Free), Meeting ID: 982 7497 8918",,
3463,WK 51,WM Supercenter w Liquor Box,1/16/2022,1/17/2022,1-3 PM,1/18/2022,"Thursday, January 20 from 1 - 3 p.m. CT / 2 - 4 p.m. ET",https://walmart.zoom.us/j/98274978918?pwd=cTk0RjNuaVo4dGR2aU1oUGdxcjhoZz09,"1(877) 853 5257 (US Toll Free), Meeting ID: 982 7497 8918",,
4528,WK 51,Neighborhood Market w Tethered fuel,1/18/2022,1/19/2022,1-3 PM,1/20/2022,"Thursday, January 20 from 1 - 3 p.m. CT / 2 - 4 p.m. ET",https://walmart.zoom.us/j/98274978918?pwd=cTk0RjNuaVo4dGR2aU1oUGdxcjhoZz09,"1(877) 853 5257 (US Toll Free), Meeting ID: 982 7497 8918",,
3511,WK 51,WM Supercenter w Tethered Fuel,1/17/2022,1/18/2022,10AM-12PM,1/20/2022,"Thursday, January 20 from 1 - 3 p.m. CT / 2 - 4 p.m. ET",https://walmart.zoom.us/j/98274978918?pwd=cTk0RjNuaVo4dGR2aU1oUGdxcjhoZz09,"1(877) 853 5257 (US Toll Free), Meeting ID: 982 7497 8918",,
3472,WK 51,WM Supercenter w Tethered Fuel,1/18/2022,1/19/2022,10AM-12PM,1/20/2022,"Thursday, January 20 from 1 - 3 p.m. CT / 2 - 4 p.m. ET",https://walmart.zoom.us/j/98274978918?pwd=cTk0RjNuaVo4dGR2aU1oUGdxcjhoZz09,"1(877) 853 5257 (US Toll Free), Meeting ID: 982 7497 8918",,
1657,WK 52,WM Supercenter w Liquor Box,1/23/2022,1/24/2022,11AM-1PM,1/25/2022,"Thursday, January 27 from 1 - 3 p.m. CT / 2 - 4 p.m. ET",https://walmart.zoom.us/j/93589345748?pwd=eDBKSGM2QTBMaVRZTml6QUd2OG1Fdz09,"1(877) 853 5257 (US Toll Free), Meeting ID: 935 8934 5748",,
1494,WK 52,WM Supercenter w Tethered Fuel,1/23/2022,1/24/2022,11AM-1PM,1/25/2022,"Thursday, January 27 from 1 - 3 p.m. CT / 2 - 4 p.m. ET",https://walmart.zoom.us/j/93589345748?pwd=eDBKSGM2QTBMaVRZTml6QUd2OG1Fdz09,"1(877) 853 5257 (US Toll Free), Meeting ID: 935 8934 5748",,
3768,WK 52,WM Supercenter w Tethered Fuel,1/23/2022,1/24/2022,1-3 PM,1/25/2022,"Thursday, January 27 from 1 - 3 p.m. CT / 2 - 4 p.m. ET",https://walmart.zoom.us/j/93589345748?pwd=eDBKSGM2QTBMaVRZTml6QUd2OG1Fdz09,"1(877) 853 5257 (US Toll Free), Meeting ID: 935 8934 5748",,
3603,WK 52,Neighborhood Market w Tethered fuel,1/23/2022,1/24/2022,8-10 AM,1/25/2022,"Thursday, January 27 from 1 - 3 p.m. CT / 2 - 4 p.m. ET",https://walmart.zoom.us/j/93589345748?pwd=eDBKSGM2QTBMaVRZTml6QUd2OG1Fdz09,"1(877) 853 5257 (US Toll Free), Meeting ID: 935 8934 5748",,
1833,WK 52,WM Supercenter w Tethered Fuel,1/23/2022,1/24/2022,1-3 PM,1/25/2022,"Thursday, January 27 from 1 - 3 p.m. CT / 2 - 4 p.m. ET",https://walmart.zoom.us/j/93589345748?pwd=eDBKSGM2QTBMaVRZTml6QUd2OG1Fdz09,"1(877) 853 5257 (US Toll Free), Meeting ID: 935 8934 5748",,
3837,WK 52,WM Supercenter w Tethered Fuel,1/24/2022,1/25/2022,1-3 PM,1/26/2022,"Thursday, January 27 from 1 - 3 p.m. CT / 2 - 4 p.m. ET",https://walmart.zoom.us/j/96278125500?pwd=V3JyTUlNek5YaFE2Tlh0WGRuTndIZz09,"1(877) 853 5257 (US Toll Free), Meeting ID: 962 7812 5500",,
3567,WK 52,WM Supercenter w Tethered Fuel ,1/24/2022,1/25/2022,8-10 AM,1/26/2022,"Thursday, January 27 from 1 - 3 p.m. CT / 2 - 4 p.m. ET",https://walmart.zoom.us/j/96278125500?pwd=V3JyTUlNek5YaFE2Tlh0WGRuTndIZz09,"1(877) 853 5257 (US Toll Free), Meeting ID: 962 7812 5500",,
1828,WK 52,WM Supercenter w Liquor Box,1/24/2022,1/25/2022,11AM-1PM,1/26/2022,"Thursday, January 27 from 1 - 3 p.m. CT / 2 - 4 p.m. ET",https://walmart.zoom.us/j/96278125500?pwd=V3JyTUlNek5YaFE2Tlh0WGRuTndIZz09,"1(877) 853 5257 (US Toll Free), Meeting ID: 962 7812 5500",,
1499,WK 52,WM Supercenter w Tethered Fuel,1/24/2022,1/25/2022,1-3 PM,1/26/2022,"Thursday, January 27 from 1 - 3 p.m. CT / 2 - 4 p.m. ET",https://walmart.zoom.us/j/96278125500?pwd=V3JyTUlNek5YaFE2Tlh0WGRuTndIZz09,"1(877) 853 5257 (US Toll Free), Meeting ID: 962 7812 5500",,
2761,WK 52,WM Supercenter w Tethered Fuel,1/24/2022,1/25/2022,10 AM - 12 PM,1/26/2022,"Thursday, January 27 from 1 - 3 p.m. CT / 2 - 4 p.m. ET",https://walmart.zoom.us/j/98274978918?pwd=cTk0RjNuaVo4dGR2aU1oUGdxcjhoZz09,"1(877) 853 5257 (US Toll Free), Meeting ID: 982 7497 8918",,
1634,WK 52,WM Supercenter w Liquor Box,1/25/2022,1/26/2022,11AM-1PM,1/27/2022,"Thursday, January 27 from 1 - 3 p.m. CT / 2 - 4 p.m. ET",https://walmart.zoom.us/j/98274978918?pwd=cTk0RjNuaVo4dGR2aU1oUGdxcjhoZz09,"1(877) 853 5257 (US Toll Free), Meeting ID: 982 7497 8918",,
4508,WK 52,WM Supercenter w Tethered Fuel ,1/25/2022,1/26/2022,8-10 AM,1/27/2022,"Thursday, January 27 from 1 - 3 p.m. CT / 2 - 4 p.m. ET",https://walmart.zoom.us/j/98274978918?pwd=cTk0RjNuaVo4dGR2aU1oUGdxcjhoZz09,"1(877) 853 5257 (US Toll Free), Meeting ID: 982 7497 8918",,
2933,WK 52,WM Supercenter w Tethered Fuel,1/25/2022,1/26/2022,1-3 PM,1/27/2022,"Thursday, January 27 from 1 - 3 p.m. CT / 2 - 4 p.m. ET",https://walmart.zoom.us/j/98274978918?pwd=cTk0RjNuaVo4dGR2aU1oUGdxcjhoZz09,"1(877) 853 5257 (US Toll Free), Meeting ID: 982 7497 8918",,
290,WK 1,WM Supercenter w Tethered Fuel,1/30/2022,1/31/2022,10AM - 12PM,2/1/2022,"Thursday, February 3 from 1 - 3 p.m. CT / 2 - 4 p.m. ET",https://walmart.zoom.us/j/93589345748?pwd=eDBKSGM2QTBMaVRZTml6QUd2OG1Fdz09,"1(877) 853 5257 (US Toll Free), Meeting ID: 935 8934 5748",,
695,WK 1,WM Supercenter w Tethered Fuel,1/30/2022,1/31/2022,9 - 11:00 AM,2/1/2022,"Thursday, February 3 from 1 - 3 p.m. CT / 2 - 4 p.m. ET",https://walmart.zoom.us/j/93589345748?pwd=eDBKSGM2QTBMaVRZTml6QUd2OG1Fdz09,"1(877) 853 5257 (US Toll Free), Meeting ID: 935 8934 5748",,
778,WK 1,WM Supercenter w Liquor Box,1/30/2022,1/31/2022,9 - 11:00 AM,2/1/2022,"Thursday, February 3 from 1 - 3 p.m. CT / 2 - 4 p.m. ET",https://walmart.zoom.us/j/93589345748?pwd=eDBKSGM2QTBMaVRZTml6QUd2OG1Fdz09,"1(877) 853 5257 (US Toll Free), Meeting ID: 935 8934 5748",,
563,WK 1,WM Supercenter w Liquor Box,1/31/2022,2/1/2022,7 - 9:00 AM,2/2/2022,"Thursday, February 3 from 1 - 3 p.m. CT / 2 - 4 p.m. ET",https://walmart.zoom.us/j/93589345748?pwd=eDBKSGM2QTBMaVRZTml6QUd2OG1Fdz09,"1(877) 853 5257 (US Toll Free), Meeting ID: 935 8934 5748",,
579,WK 1,WM Supercenter w Liquor Box,1/31/2022,2/1/2022,11 AM - 1 PM,2/2/2022,"Thursday, February 3 from 1 - 3 p.m. CT / 2 - 4 p.m. ET",https://walmart.zoom.us/j/93589345748?pwd=eDBKSGM2QTBMaVRZTml6QUd2OG1Fdz09,"1(877) 853 5257 (US Toll Free), Meeting ID: 935 8934 5748",,
649,WK 1,WM Supercenter w Liquor Box,1/31/2022,2/1/2022,7 - 9:00 AM,2/2/2022,"Thursday, February 3 from 1 - 3 p.m. CT / 2 - 4 p.m. ET",https://walmart.zoom.us/j/96278125500?pwd=V3JyTUlNek5YaFE2Tlh0WGRuTndIZz09,"1(877) 853 5257 (US Toll Free), Meeting ID: 962 7812 5500",,
718,WK 1,WM Supercenter w Liquor Box,1/31/2022,2/1/2022,7 - 9:00 AM,2/2/2022,"Thursday, February 3 from 1 - 3 p.m. CT / 2 - 4 p.m. ET",https://walmart.zoom.us/j/96278125500?pwd=V3JyTUlNek5YaFE2Tlh0WGRuTndIZz09,"1(877) 853 5257 (US Toll Free), Meeting ID: 962 7812 5500",,
725,WK 1,WM Supercenter w Liquor Box,1/31/2022,2/1/2022,11 AM - 1 PM,2/2/2022,"Thursday, February 3 from 1 - 3 p.m. CT / 2 - 4 p.m. ET",https://walmart.zoom.us/j/96278125500?pwd=V3JyTUlNek5YaFE2Tlh0WGRuTndIZz09,"1(877) 853 5257 (US Toll Free), Meeting ID: 962 7812 5500",,
771,WK 1,WM Supercenter w Liquor Box,1/31/2022,2/1/2022,11 AM - 1 PM,2/2/2022,"Thursday, February 3 from 1 - 3 p.m. CT / 2 - 4 p.m. ET",https://walmart.zoom.us/j/96278125500?pwd=V3JyTUlNek5YaFE2Tlh0WGRuTndIZz09,"1(877) 853 5257 (US Toll Free), Meeting ID: 962 7812 5500",,
2840,WK 1,Neighborhood Market w Tethered fuel,1/31/2022,2/1/2022,9 - 11:00 AM,2/2/2022,"Thursday, February 3 from 1 - 3 p.m. CT / 2 - 4 p.m. ET",https://walmart.zoom.us/j/98274978918?pwd=cTk0RjNuaVo4dGR2aU1oUGdxcjhoZz09,"1(877) 853 5257 (US Toll Free), Meeting ID: 982 7497 8918",,
697,WK 1,WM Supercenter w Liquor Box,2/3/2022,2/2/2022,11 AM - 1 PM,2/3/2022,"Thursday, February 3 from 1 - 3 p.m. CT / 2 - 4 p.m. ET",https://walmart.zoom.us/j/98274978918?pwd=cTk0RjNuaVo4dGR2aU1oUGdxcjhoZz09,"1(877) 853 5257 (US Toll Free), Meeting ID: 982 7497 8918",,
860,WK 1,WM Supercenter w Liquor Box,2/3/2022,2/2/2022,7 - 9:00 AM,2/3/2022,"Thursday, February 3 from 1 - 3 p.m. CT / 2 - 4 p.m. ET",https://walmart.zoom.us/j/98274978918?pwd=cTk0RjNuaVo4dGR2aU1oUGdxcjhoZz09,"1(877) 853 5257 (US Toll Free), Meeting ID: 982 7497 8918",,
942,WK 1,WM Supercenter w Liquor Box,2/3/2022,2/2/2022,7 - 9:00 AM,2/3/2022,"Thursday, February 3 from 1 - 3 p.m. CT / 2 - 4 p.m. ET",https://walmart.zoom.us/j/98274978918?pwd=cTk0RjNuaVo4dGR2aU1oUGdxcjhoZz09,"1(877) 853 5257 (US Toll Free), Meeting ID: 982 7497 8918",,
943,WK 1,WM Supercenter w Liquor Box,2/3/2022,2/2/2022,11 AM - 1 PM,2/3/2022,"Thursday, February 3 from 1 - 3 p.m. CT / 2 - 4 p.m. ET",https://walmart.zoom.us/j/98274978918?pwd=cTk0RjNuaVo4dGR2aU1oUGdxcjhoZz09,"1(877) 853 5257 (US Toll Free), Meeting ID: 982 7497 8918",,
990,WK 2,WM Supercenter w Liquor Box,2/6/2022,2/7/2022,10 AM - 12 PM,2/8/2022,"Thursday, February 10 from 1 - 3 p.m. CT / 2 - 4 p.m. ET",https://walmart.zoom.us/j/93589345748?pwd=eDBKSGM2QTBMaVRZTml6QUd2OG1Fdz09,"1(877) 853 5257 (US Toll Free), Meeting ID: 935 8934 5748",,
1203,WK 2,WM Supercenter w Liquor Box,2/8/2022,2/9/2022,11 AM - 1 PM,2/10/2022,"Thursday, February 10 from 1 - 3 p.m. CT / 2 - 4 p.m. ET",https://walmart.zoom.us/j/93589345748?pwd=eDBKSGM2QTBMaVRZTml6QUd2OG1Fdz09,"1(877) 853 5257 (US Toll Free), Meeting ID: 935 8934 5748",,
994,WK 2,WM Supercenter w Liquor Box,2/9/2022,2/10/2022,9 - 11:00 AM,2/11/2022,"Thursday, February 10 from 1 - 3 p.m. CT / 2 - 4 p.m. ET",https://walmart.zoom.us/j/96278125500?pwd=V3JyTUlNek5YaFE2Tlh0WGRuTndIZz09,"1(877) 853 5257 (US Toll Free), Meeting ID: 962 7812 5500",,
1086,WK 2,WM Supercenter w Liquor Box,2/9/2022,2/10/2022,7 - 9:00 AM,2/11/2022,"Thursday, February 10 from 1 - 3 p.m. CT / 2 - 4 p.m. ET",https://walmart.zoom.us/j/96278125500?pwd=V3JyTUlNek5YaFE2Tlh0WGRuTndIZz09,"1(877) 853 5257 (US Toll Free), Meeting ID: 962 7812 5500",,
1171,WK 2,WM Supercenter w Liquor Box,2/9/2022,2/10/2022,11 AM - 1 PM,2/11/2022,"Thursday, February 10 from 1 - 3 p.m. CT / 2 - 4 p.m. ET",https://walmart.zoom.us/j/98274978918?pwd=cTk0RjNuaVo4dGR2aU1oUGdxcjhoZz09,"1(877) 853 5257 (US Toll Free), Meeting ID: 982 7497 8918",,
1220,WK 2,WM Supercenter w Liquor Box,2/9/2022,2/10/2022,11 AM - 1 PM,2/11/2022,"Thursday, February 10 from 1 - 3 p.m. CT / 2 - 4 p.m. ET",https://walmart.zoom.us/j/98274978918?pwd=cTk0RjNuaVo4dGR2aU1oUGdxcjhoZz09,"1(877) 853 5257 (US Toll Free), Meeting ID: 982 7497 8918",,
1589,WK 3,WM Supercenter w Liquor Box,2/13/2022,2/14/2022,9 - 11:00 AM,2/15/2022,"Thursday, February 17 from 1 - 3 p.m. CT / 2 - 4 p.m. ET",https://walmart.zoom.us/j/93589345748?pwd=eDBKSGM2QTBMaVRZTml6QUd2OG1Fdz09,"1(877) 853 5257 (US Toll Free), Meeting ID: 935 8934 5748",,
1619,WK 3,WM Supercenter w Tethered Fuel,2/13/2022,2/14/2022,9 - 11:00 AM,2/15/2022,"Thursday, February 17 from 1 - 3 p.m. CT / 2 - 4 p.m. ET",https://walmart.zoom.us/j/93589345748?pwd=eDBKSGM2QTBMaVRZTml6QUd2OG1Fdz09,"1(877) 853 5257 (US Toll Free), Meeting ID: 935 8934 5748",,
1902,WK 3,WM Supercenter w Tethered Fuel,2/13/2022,2/14/2022,9 - 11:00 AM,2/15/2022,"Thursday, February 17 from 1 - 3 p.m. CT / 2 - 4 p.m. ET",https://walmart.zoom.us/j/93589345748?pwd=eDBKSGM2QTBMaVRZTml6QUd2OG1Fdz09,"1(877) 853 5257 (US Toll Free), Meeting ID: 935 8934 5748",,
1916,WK 3,WM Supercenter w Liquor Box,2/13/2022,2/14/2022,9 - 11:00 AM,2/15/2022,"Thursday, February 17 from 1 - 3 p.m. CT / 2 - 4 p.m. ET",https://walmart.zoom.us/j/93589345748?pwd=eDBKSGM2QTBMaVRZTml6QUd2OG1Fdz09,"1(877) 853 5257 (US Toll Free), Meeting ID: 935 8934 5748",,
2385,WK 3,WM Supercenter w Tethered Fuel,2/13/2022,2/14/2022,9 - 11:00 AM,2/15/2022,"Thursday, February 17 from 1 - 3 p.m. CT / 2 - 4 p.m. ET",https://walmart.zoom.us/j/93589345748?pwd=eDBKSGM2QTBMaVRZTml6QUd2OG1Fdz09,"1(877) 853 5257 (US Toll Free), Meeting ID: 935 8934 5748",,
1440,WK 3,WM Supercenter w Tethered Fuel,2/14/2022,2/15/2022,9 - 11:00 AM,2/16/2022,"Thursday, February 17 from 1 - 3 p.m. CT / 2 - 4 p.m. ET",https://walmart.zoom.us/j/96278125500?pwd=V3JyTUlNek5YaFE2Tlh0WGRuTndIZz09,"1(877) 853 5257 (US Toll Free), Meeting ID: 962 7812 5500",,
1702,WK 3,WM Supercenter w Liquor Box,2/14/2022,2/15/2022,11 AM - 1 PM,2/16/2022,"Thursday, February 17 from 1 - 3 p.m. CT / 2 - 4 p.m. ET",https://walmart.zoom.us/j/96278125500?pwd=V3JyTUlNek5YaFE2Tlh0WGRuTndIZz09,"1(877) 853 5257 (US Toll Free), Meeting ID: 962 7812 5500",,
1929,WK 3,WM Supercenter w Liquor Box,2/14/2022,2/15/2022,9 - 11:00 AM,2/16/2022,"Thursday, February 17 from 1 - 3 p.m. CT / 2 - 4 p.m. ET",https://walmart.zoom.us/j/98274978918?pwd=cTk0RjNuaVo4dGR2aU1oUGdxcjhoZz09,"1(877) 853 5257 (US Toll Free), Meeting ID: 982 7497 8918",,
1420,WK 3,WM Supercenter w Tethered Fuel,2/15/2022,2/16/2022,8 - 10 AM,2/17/2022,"Thursday, February 17 from 1 - 3 p.m. CT / 2 - 4 p.m. ET",https://walmart.zoom.us/j/98274978918?pwd=cTk0RjNuaVo4dGR2aU1oUGdxcjhoZz09,"1(877) 853 5257 (US Toll Free), Meeting ID: 982 7497 8918",,
1497,WK 3,WM Supercenter w Tethered Fuel,2/15/2022,2/16/2022,1 - 3 PM,2/17/2022,"Thursday, February 17 from 1 - 3 p.m. CT / 2 - 4 p.m. ET",https://walmart.zoom.us/j/98274978918?pwd=cTk0RjNuaVo4dGR2aU1oUGdxcjhoZz09,"1(877) 853 5257 (US Toll Free), Meeting ID: 982 7497 8918",,
2505,WK 4,WM Supercenter w Tethered Fuel,2/20/2022,2/21/2022,8 - 10 AM,2/20/2022,"Thursday, February 24 from 1 - 3 p.m. CT / 2 - 4 p.m. ET",https://walmart.zoom.us/j/93589345748?pwd=eDBKSGM2QTBMaVRZTml6QUd2OG1Fdz09,"1(877) 853 5257 (US Toll Free), Meeting ID: 935 8934 5748",,
2571,WK 4,Wal-Mart w Stand Alone ACC,2/20/2022,2/21/2022,9 - 11:00 AM,2/20/2022,"Thursday, February 24 from 1 - 3 p.m. CT / 2 - 4 p.m. ET",https://walmart.zoom.us/j/93589345748?pwd=eDBKSGM2QTBMaVRZTml6QUd2OG1Fdz09,"1(877) 853 5257 (US Toll Free), Meeting ID: 935 8934 5748",,
2727,WK 4,WM Supercenter w Liquor Box,2/20/2022,2/21/2022,9 - 11:00 AM,2/20/2022,"Thursday, February 24 from 1 - 3 p.m. CT / 2 - 4 p.m. ET",https://walmart.zoom.us/j/93589345748?pwd=eDBKSGM2QTBMaVRZTml6QUd2OG1Fdz09,"1(877) 853 5257 (US Toll Free), Meeting ID: 935 8934 5748",,
2762,WK 4,WM Supercenter w Tethered Fuel,2/20/2022,2/21/2022,9 - 11:00 AM,2/20/2022,"Thursday, February 24 from 1 - 3 p.m. CT / 2 - 4 p.m. ET",https://walmart.zoom.us/j/93589345748?pwd=eDBKSGM2QTBMaVRZTml6QUd2OG1Fdz09,"1(877) 853 5257 (US Toll Free), Meeting ID: 935 8934 5748",,
1032,WK 4,WM Supercenter w Liquor Box,2/21/2022,2/22/2022,8 - 10 AM,2/23/2022,"Thursday, February 24 from 1 - 3 p.m. CT / 2 - 4 p.m. ET",https://walmart.zoom.us/j/96278125500?pwd=V3JyTUlNek5YaFE2Tlh0WGRuTndIZz09,"1(877) 853 5257 (US Toll Free), Meeting ID: 962 7812 5500",,
1362,WK 4,WM Supercenter w Liquor Box,2/21/2022,2/22/2022,2 - 3 PM,2/23/2022,"Thursday, February 24 from 1 - 3 p.m. CT / 2 - 4 p.m. ET",https://walmart.zoom.us/j/96278125500?pwd=V3JyTUlNek5YaFE2Tlh0WGRuTndIZz09,"1(877) 853 5257 (US Toll Free), Meeting ID: 962 7812 5500",,
2919,WK 4,Neighborhood Market w Tethered fuel,2/21/2022,2/22/2022,8 - 10 AM,2/23/2022,"Thursday, February 24 from 1 - 3 p.m. CT / 2 - 4 p.m. ET",https://walmart.zoom.us/j/96278125500?pwd=V3JyTUlNek5YaFE2Tlh0WGRuTndIZz09,"1(877) 853 5257 (US Toll Free), Meeting ID: 962 7812 5500",,
3247,WK 4,WM Supercenter w Liquor Box,2/21/2022,2/22/2022,10 AM - 12 PM,2/23/2022,"Thursday, February 24 from 1 - 3 p.m. CT / 2 - 4 p.m. ET",https://walmart.zoom.us/j/96278125500?pwd=V3JyTUlNek5YaFE2Tlh0WGRuTndIZz09,"1(877) 853 5257 (US Toll Free), Meeting ID: 962 7812 5500",,
3348,WK 4,WM Supercenter w Liquor Box,2/21/2022,2/21/2022,9 - 11:00 AM,2/20/2022,"Thursday, February 24 from 1 - 3 p.m. CT / 2 - 4 p.m. ET",https://walmart.zoom.us/j/96278125500?pwd=V3JyTUlNek5YaFE2Tlh0WGRuTndIZz09,"1(877) 853 5257 (US Toll Free), Meeting ID: 962 7812 5500",,
3417,WK 4,WM Supercenter w Liquor Box,2/22/2022,2/23/2022,9 - 11:00 AM,2/24/2022,"Thursday, February 24 from 1 - 3 p.m. CT / 2 - 4 p.m. ET",https://walmart.zoom.us/j/98274978918?pwd=cTk0RjNuaVo4dGR2aU1oUGdxcjhoZz09,"1(877) 853 5257 (US Toll Free), Meeting ID: 982 7497 8918",,
2796,WK 4,WM Supercenter w Liquor Box,2/23/2022,2/24/2022,11 AM - 1 PM,2/25/2022,"Thursday, February 24 from 1 - 3 p.m. CT / 2 - 4 p.m. ET",https://walmart.zoom.us/j/98274978918?pwd=cTk0RjNuaVo4dGR2aU1oUGdxcjhoZz09,"1(877) 853 5257 (US Toll Free), Meeting ID: 982 7497 8918",,
2843,WK 4,WM Supercenter w Liquor Box,2/23/2022,2/24/2022,7 - 9:00 AM,2/25/2022,"Thursday, February 24 from 1 - 3 p.m. CT / 2 - 4 p.m. ET",https://walmart.zoom.us/j/98274978918?pwd=cTk0RjNuaVo4dGR2aU1oUGdxcjhoZz09,"1(877) 853 5257 (US Toll Free), Meeting ID: 982 7497 8918",,
3207,WK 4,WM Supercenter w Liquor Box,2/23/2022,2/24/2022,11 AM - 1 PM,2/25/2022,"Thursday, February 24 from 1 - 3 p.m. CT / 2 - 4 p.m. ET",https://walmart.zoom.us/j/98274978918?pwd=cTk0RjNuaVo4dGR2aU1oUGdxcjhoZz09,"1(877) 853 5257 (US Toll Free), Meeting ID: 982 7497 8918",,
3418,WK 4,WM Supercenter w Liquor Box,2/23/2022,2/24/2022,7 - 9:00 AM,2/25/2022,"Thursday, February 24 from 1 - 3 p.m. CT / 2 - 4 p.m. ET",https://walmart.zoom.us/j/98274978918?pwd=cTk0RjNuaVo4dGR2aU1oUGdxcjhoZz09,"1(877) 853 5257 (US Toll Free), Meeting ID: 982 7497 8918",,
4111,WK 5,WM Supercenter w Tethered Fuel,2/27/2022,2/28/2022,9 - 11:00 AM,3/1/2022,"Thursday, March 3 from 1 - 3 p.m. CT / 2 - 4 p.m. ET",https://walmart.zoom.us/j/93589345748?pwd=eDBKSGM2QTBMaVRZTml6QUd2OG1Fdz09,"1(877) 853 5257 (US Toll Free), Meeting ID: 935 8934 5748",,
4367,WK 5,Neighborhood Market w Tethered fuel,2/27/2022,2/28/2022,11 AM - 1 PM,3/1/2022,"Thursday, March 3 from 1 - 3 p.m. CT / 2 - 4 p.m. ET",https://walmart.zoom.us/j/93589345748?pwd=eDBKSGM2QTBMaVRZTml6QUd2OG1Fdz09,"1(877) 853 5257 (US Toll Free), Meeting ID: 935 8934 5748",,
4390,WK 5,Neighborhood Market w Tethered fuel,2/27/2022,2/28/2022,10 AM - 12 PM,3/1/2022,"Thursday, March 3 from 1 - 3 p.m. CT / 2 - 4 p.m. ET",https://walmart.zoom.us/j/93589345748?pwd=eDBKSGM2QTBMaVRZTml6QUd2OG1Fdz09,"1(877) 853 5257 (US Toll Free), Meeting ID: 935 8934 5748",,
4582,WK 5,Neighborhood Market w Tethered fuel & Liquor Box,2/27/2022,2/28/2022,2 - 3 PM,3/1/2022,"Thursday, March 3 from 1 - 3 p.m. CT / 2 - 4 p.m. ET",https://walmart.zoom.us/j/96278125500?pwd=V3JyTUlNek5YaFE2Tlh0WGRuTndIZz09,"1(877) 853 5257 (US Toll Free), Meeting ID: 962 7812 5500",,
3427,WK 5,WM Supercenter w Tethered Fuel,2/28/2022,3/1/2022,8 - 10 AM,3/2/2022,"Thursday, March 3 from 1 - 3 p.m. CT / 2 - 4 p.m. ET",https://walmart.zoom.us/j/96278125500?pwd=V3JyTUlNek5YaFE2Tlh0WGRuTndIZz09,"1(877) 853 5257 (US Toll Free), Meeting ID: 962 7812 5500",,
3724,WK 5,Neighborhood Market w Tethered fuel,2/28/2022,3/1/2022,9 - 11:00 AM,3/2/2022,"Thursday, March 3 from 1 - 3 p.m. CT / 2 - 4 p.m. ET",https://walmart.zoom.us/j/96278125500?pwd=V3JyTUlNek5YaFE2Tlh0WGRuTndIZz09,"1(877) 853 5257 (US Toll Free), Meeting ID: 962 7812 5500",,
3862,WK 5,Neighborhood Market w Liquor Box,2/28/2022,3/1/2022,9 - 11:00 AM,3/2/2022,"Thursday, March 3 from 1 - 3 p.m. CT / 2 - 4 p.m. ET",https://walmart.zoom.us/j/96278125500?pwd=V3JyTUlNek5YaFE2Tlh0WGRuTndIZz09,"1(877) 853 5257 (US Toll Free), Meeting ID: 962 7812 5500",,
5035,WK 5,WM Supercenter w Liquor Box,3/1/2022,3/2/2022,11 AM - 1 PM,3/3/2022,"Thursday, March 3 from 1 - 3 p.m. CT / 2 - 4 p.m. ET",https://walmart.zoom.us/j/98274978918?pwd=cTk0RjNuaVo4dGR2aU1oUGdxcjhoZz09,"1(877) 853 5257 (US Toll Free), Meeting ID: 982 7497 8918",,
5256,WK 6,Neighborhood Market w Tethered fuel,3/6/2022,3/7/2022,10:30 AM - 12:30 PM,3/8/2022,"Thursday, March 10 from 1 - 3 p.m. CT / 2 - 4 p.m. ET",https://walmart.zoom.us/j/93589345748?pwd=eDBKSGM2QTBMaVRZTml6QUd2OG1Fdz09,"1(877) 853 5257 (US Toll Free), Meeting ID: 935 8934 5748",,
5352,WK 6,WM Supercenter w Tethered Fuel,3/7/2022,3/8/2022,8 - 10 AM,3/9/2022,"Thursday, March 10 from 1 - 3 p.m. CT / 2 - 4 p.m. ET",https://walmart.zoom.us/j/93589345748?pwd=eDBKSGM2QTBMaVRZTml6QUd2OG1Fdz09,"1(877) 853 5257 (US Toll Free), Meeting ID: 935 8934 5748",,
5404,WK 6,WM Supercenter w Tethered Fuel,3/7/2022,3/8/2022,1 - 3 PM,3/9/2022,"Thursday, March 10 from 1 - 3 p.m. CT / 2 - 4 p.m. ET",https://walmart.zoom.us/j/93589345748?pwd=eDBKSGM2QTBMaVRZTml6QUd2OG1Fdz09,"1(877) 853 5257 (US Toll Free), Meeting ID: 935 8934 5748",,
5488,WK 6,WM Supercenter w Tethered Fuel,3/6/2022,3/7/2022,11 AM - 1 PM,3/8/2022,"Thursday, March 10 from 1 - 3 p.m. CT / 2 - 4 p.m. ET",https://walmart.zoom.us/j/96278125500?pwd=V3JyTUlNek5YaFE2Tlh0WGRuTndIZz09,"1(877) 853 5257 (US Toll Free), Meeting ID: 962 7812 5500",,
5494,WK 6,WM Supercenter w Tethered Fuel,3/6/2022,3/7/2022,9 - 11:00 AM,3/8/2022,"Thursday, March 10 from 1 - 3 p.m. CT / 2 - 4 p.m. ET",https://walmart.zoom.us/j/96278125500?pwd=V3JyTUlNek5YaFE2Tlh0WGRuTndIZz09,"1(877) 853 5257 (US Toll Free), Meeting ID: 962 7812 5500",,
5911,WK 6,WM Supercenter w Liquor Box,3/7/2022,3/9/2022,9 - 11:00 AM,3/10/2022,"Thursday, March 10 from 1 - 3 p.m. CT / 2 - 4 p.m. ET",https://walmart.zoom.us/j/96278125500?pwd=V3JyTUlNek5YaFE2Tlh0WGRuTndIZz09,"1(877) 853 5257 (US Toll Free), Meeting ID: 962 7812 5500",,
6579,WK 6,WM Supercenter w Tethered Fuel,3/6/2022,3/7/2022,9 - 11:00 AM,3/8/2022,"Thursday, March 10 from 1 - 3 p.m. CT / 2 - 4 p.m. ET",https://walmart.zoom.us/j/98274978918?pwd=cTk0RjNuaVo4dGR2aU1oUGdxcjhoZz09,"1(877) 853 5257 (US Toll Free), Meeting ID: 982 7497 8918",,
1390,WK 6,WM Supercenter w Liquor Box,3/7/2022,3/8/2022,7 - 9:00 AM,3/9/2022,"Thursday, March 10 from 1 - 3 p.m. CT / 2 - 4 p.m. ET",https://walmart.zoom.us/j/98274978918?pwd=cTk0RjNuaVo4dGR2aU1oUGdxcjhoZz09,"1(877) 853 5257 (US Toll Free), Meeting ID: 982 7497 8918",,
1518,WK 7,WM Supercenter w Tethered Fuel,3/13/2022,3/14/2022,8 - 10 am,3/15/2022,"Thursday, March 17 from 1 - 3 p.m. CT / 2 - 4 p.m. ET",https://walmart.zoom.us/j/93589345748?pwd=eDBKSGM2QTBMaVRZTml6QUd2OG1Fdz09,"1(877) 853 5257 (US Toll Free), Meeting ID: 935 8934 5748",,
5062,WK 7,Neighborhood Market w Tethered fuel,3/13/2022,3/14/2022,10 am-12 pm,3/15/2022,"Thursday, March 17 from 1 - 3 p.m. CT / 2 - 4 p.m. ET",https://walmart.zoom.us/j/93589345748?pwd=eDBKSGM2QTBMaVRZTml6QUd2OG1Fdz09,"1(877) 853 5257 (US Toll Free), Meeting ID: 935 8934 5748",,
897,WK 7,WM Supercenter w Tethered Fuel,3/14/2022,3/15/2022,9 am - 11 am,3/16/2022,"Thursday, March 17 from 1 - 3 p.m. CT / 2 - 4 p.m. ET",https://walmart.zoom.us/j/93589345748?pwd=eDBKSGM2QTBMaVRZTml6QUd2OG1Fdz09,"1(877) 853 5257 (US Toll Free), Meeting ID: 935 8934 5748",,
2533,WK 7 ,WM Supercenter w Liquor Box,3/14/2022,3/15/2022,9 am - 11 am,3/16/2022,"Thursday, March 17 from 1 - 3 p.m. CT / 2 - 4 p.m. ET",https://walmart.zoom.us/j/93589345748?pwd=eDBKSGM2QTBMaVRZTml6QUd2OG1Fdz09,"1(877) 853 5257 (US Toll Free), Meeting ID: 935 8934 5748",,
4359,WK 7,WM Supercenter w Liquor Box,3/15/2022,3/16/2022,10 am-12 pm,3/17/2022,"Thursday, March 17 from 1 - 3 p.m. CT / 2 - 4 p.m. ET",https://walmart.zoom.us/j/93589345748?pwd=eDBKSGM2QTBMaVRZTml6QUd2OG1Fdz09,"1(877) 853 5257 (US Toll Free), Meeting ID: 935 8934 5748",,
1104,WK 7,WM Supercenter w Liquor Box,3/15/2022,3/16/2022,11 am – 1 pm,3/17/2022,"Thursday, March 17 from 1 - 3 p.m. CT / 2 - 4 p.m. ET",https://walmart.zoom.us/j/93589345748?pwd=eDBKSGM2QTBMaVRZTml6QUd2OG1Fdz09,"1(877) 853 5257 (US Toll Free), Meeting ID: 935 8934 5748",,
1213,WK 7,WM Supercenter w Liquor Box,3/15/2022,3/16/2022,7 - 9 am,3/17/2022,"Thursday, March 17 from 1 - 3 p.m. CT / 2 - 4 p.m. ET",https://walmart.zoom.us/j/93589345748?pwd=eDBKSGM2QTBMaVRZTml6QUd2OG1Fdz09,"1(877) 853 5257 (US Toll Free), Meeting ID: 935 8934 5748",,
1245,WK 7,WM Supercenter w Liquor Box,3/15/2022,3/16/2022,7 - 9 am,3/17/2022,"Thursday, March 17 from 1 - 3 p.m. CT / 2 - 4 p.m. ET",https://walmart.zoom.us/j/93589345748?pwd=eDBKSGM2QTBMaVRZTml6QUd2OG1Fdz09,"1(877) 853 5257 (US Toll Free), Meeting ID: 935 8934 5748",,
373,WK 8,WM Supercenter w Tethered Fuel,3/20/2022,3/21/2022,8 - 10 am,3/22/2022,"Thursday, March 24 from 1 - 3 p.m. CT / 2 - 4 p.m. ET",https://walmart.zoom.us/j/93589345748?pwd=eDBKSGM2QTBMaVRZTml6QUd2OG1Fdz09,"1(877) 853 5257 (US Toll Free), Meeting ID: 935 8934 5748",,
2686,WK 8,Neighborhood Market w Tethered fuel,3/21/2022,3/22/2022,8 - 10 am,3/23/2022,"Thursday, March 24 from 1 - 3 p.m. CT / 2 - 4 p.m. ET",https://walmart.zoom.us/j/93589345748?pwd=eDBKSGM2QTBMaVRZTml6QUd2OG1Fdz09,"1(877) 853 5257 (US Toll Free), Meeting ID: 935 8934 5748",,
1257,WK 8,WM Supercenter w Tethered Fuel,3/20/2022,3/21/2022,8 - 10 am,3/22/2022,"Thursday, March 24 from 1 - 3 p.m. CT / 2 - 4 p.m. ET",https://walmart.zoom.us/j/93589345748?pwd=eDBKSGM2QTBMaVRZTml6QUd2OG1Fdz09,"1(877) 853 5257 (US Toll Free), Meeting ID: 935 8934 5748",,
1749,WK 8,WM Supercenter w Tethered Fuel,3/20/2022,3/21/2022,9 - 11 am,3/22/2022,"Thursday, March 24 from 1 - 3 p.m. CT / 2 - 4 p.m. ET",https://walmart.zoom.us/j/93589345748?pwd=eDBKSGM2QTBMaVRZTml6QUd2OG1Fdz09,"1(877) 853 5257 (US Toll Free), Meeting ID: 935 8934 5748",,
4210,WK 8,Neighborhood Market w Tethered fuel,3/22/2022,3/23/2022,9 - 11 am,3/24/2022,"Thursday, March 24 from 1 - 3 p.m. CT / 2 - 4 p.m. ET",https://walmart.zoom.us/j/96278125500?pwd=V3JyTUlNek5YaFE2Tlh0WGRuTndIZz09,"1(877) 853 5257 (US Toll Free), Meeting ID: 962 7812 5500",,
1868,WK 8,WM Supercenter w Tethered Fuel,3/21/2022,3/22/2022,9 - 11 am,3/23/2022,"Thursday, March 24 from 1 - 3 p.m. CT / 2 - 4 p.m. ET",https://walmart.zoom.us/j/96278125500?pwd=V3JyTUlNek5YaFE2Tlh0WGRuTndIZz09,"1(877) 853 5257 (US Toll Free), Meeting ID: 962 7812 5500",,
2164,WK 8,WM Supercenter w Tethered Fuel,3/21/2022,3/23/2022,9 - 11 am,3/24/2022,"Thursday, March 24 from 1 - 3 p.m. CT / 2 - 4 p.m. ET",https://walmart.zoom.us/j/96278125500?pwd=V3JyTUlNek5YaFE2Tlh0WGRuTndIZz09,"1(877) 853 5257 (US Toll Free), Meeting ID: 962 7812 5500",,
2023,WK 9,WM Supercenter w Tethered Fuel,3/29/2022,3/30/2022,9 - 11 am,3/31/2022,"Thursday, March 31 from 1 - 3 p.m. CT / 2 - 4 p.m. ET",https://walmart.zoom.us/j/96278125500?pwd=V3JyTUlNek5YaFE2Tlh0WGRuTndIZz09,"1(877) 853 5257 (US Toll Free), Meeting ID: 962 7812 5500",,
2368,WK 9,WM Supercenter w Tethered Fuel,3/28/2022,3/29/2022,9 - 11 am,3/30/2022,"Thursday, March 31 from 1 - 3 p.m. CT / 2 - 4 p.m. ET",https://walmart.zoom.us/j/96278125500?pwd=V3JyTUlNek5YaFE2Tlh0WGRuTndIZz09,"1(877) 853 5257 (US Toll Free), Meeting ID: 962 7812 5500",,
840,WK 9,Neighborhood Market w Tethered fuel,3/27/2022,3/28/2022,7 - 9 am,3/29/2022,"Thursday, March 31 from 1 - 3 p.m. CT / 2 - 4 p.m. ET",https://walmart.zoom.us/j/93589345748?pwd=eDBKSGM2QTBMaVRZTml6QUd2OG1Fdz09,"1(877) 853 5257 (US Toll Free), Meeting ID: 935 8934 5748",,
920,WK 9,Neighborhood Market w Tethered fuel,3/27/2022,3/28/2022,2 - 4 pm,3/29/2022,"Thursday, March 31 from 1 - 3 p.m. CT / 2 - 4 p.m. ET",https://walmart.zoom.us/j/93589345748?pwd=eDBKSGM2QTBMaVRZTml6QUd2OG1Fdz09,"1(877) 853 5257 (US Toll Free), Meeting ID: 935 8934 5748",,
1338,WK 9,WM Supercenter w Tethered Fuel,3/28/2022,3/29/2022,9 - 11 am,3/30/2022,"Thursday, March 31 from 1 - 3 p.m. CT / 2 - 4 p.m. ET",https://walmart.zoom.us/j/93589345748?pwd=eDBKSGM2QTBMaVRZTml6QUd2OG1Fdz09,"1(877) 853 5257 (US Toll Free), Meeting ID: 935 8934 5748",,
2465,WK 9,Neighborhood Market w Tethered fuel,3/29/2022,3/30/2022,9 - 11 am,3/31/2022,"Thursday, March 31 from 1 - 3 p.m. CT / 2 - 4 p.m. ET",https://walmart.zoom.us/j/93589345748?pwd=eDBKSGM2QTBMaVRZTml6QUd2OG1Fdz09,"1(877) 853 5257 (US Toll Free), Meeting ID: 935 8934 5748",,
4471,WK 9,WM Supercenter w Tethered Fuel,3/29/2022,3/30/2022,9 - 11 am,3/31/2022,"Thursday, March 31 from 1 - 3 p.m. CT / 2 - 4 p.m. ET",https://walmart.zoom.us/j/96278125500?pwd=V3JyTUlNek5YaFE2Tlh0WGRuTndIZz09,"1(877) 853 5257 (US Toll Free), Meeting ID: 962 7812 5500",,
3018,WK 9,WM Supercenter w Tethered Fuel,3/27/2022,3/28/2022,9 - 11 am,3/29/2022,"Thursday, March 31 from 1 - 3 p.m. CT / 2 - 4 p.m. ET",https://walmart.zoom.us/j/96278125500?pwd=V3JyTUlNek5YaFE2Tlh0WGRuTndIZz09,"1(877) 853 5257 (US Toll Free), Meeting ID: 962 7812 5500",,
