Store Number,Shipping Date,Tracking Number
6963,8/6/2024,Tracking # will be provided on 8/4/2024
1216,8/6/2024,Tracking # will be provided on 8/4/2024
4215,8/6/2024,Tracking # will be provided on 8/4/2024
5316,8/6/2024,Tracking # will be provided on 8/4/2024
4104,8/6/2024,Tracking # will be provided on 8/4/2024
1225,8/6/2024,Tracking # will be provided on 8/4/2024
396,8/6/2024,Tracking # will be provided on 8/4/2024
1238,8/6/2024,Tracking # will be provided on 8/4/2024
2978,8/6/2024,Tracking # will be provided on 8/4/2024
3284,8/6/2024,Tracking # will be provided on 8/4/2024
3631,8/6/2024,Tracking # will be provided on 8/4/2024
4279,8/6/2024,Tracking # will be provided on 8/4/2024
265,8/6/2024,Tracking # will be provided on 8/4/2024
516,8/6/2024,Tracking # will be provided on 8/4/2024
220,8/6/2024,Tracking # will be provided on 8/4/2024
228,8/6/2024,Tracking # will be provided on 8/4/2024
371,8/6/2024,Tracking # will be provided on 8/4/2024
804,8/6/2024,Tracking # will be provided on 8/4/2024
963,8/6/2024,Tracking # will be provided on 8/4/2024
3431,8/6/2024,Tracking # will be provided on 8/4/2024
5359,8/6/2024,Tracking # will be provided on 8/4/2024
896,8/6/2024,Tracking # will be provided on 8/4/2024
5288,8/6/2024,Tracking # will be provided on 8/4/2024
266,8/6/2024,Tracking # will be provided on 8/4/2024
202,8/6/2024,Tracking # will be provided on 8/4/2024
5210,8/6/2024,Tracking # will be provided on 8/4/2024
2667,8/6/2024,Tracking # will be provided on 8/4/2024
3777,8/6/2024,Tracking # will be provided on 8/4/2024
6300,8/6/2024,Tracking # will be provided on 8/4/2024
7178,8/6/2024,Tracking # will be provided on 8/4/2024
2980,8/6/2024,Tracking # will be provided on 8/4/2024
872,8/6/2024,Tracking # will be provided on 8/4/2024
272,8/6/2024,Tracking # will be provided on 8/4/2024
384,8/6/2024,Tracking # will be provided on 8/4/2024
2104,8/6/2024,Tracking # will be provided on 8/4/2024
2637,8/6/2024,Tracking # will be provided on 8/4/2024
2135,8/6/2024,Tracking # will be provided on 8/4/2024
1770,8/6/2024,Tracking # will be provided on 8/4/2024
1255,8/6/2024,Tracking # will be provided on 8/4/2024
5063,8/6/2024,Tracking # will be provided on 8/4/2024
4108,8/6/2024,Tracking # will be provided on 8/4/2024
427,8/6/2024,Tracking # will be provided on 8/4/2024
1535,8/6/2024,Tracking # will be provided on 8/4/2024
980,8/6/2024,Tracking # will be provided on 8/4/2024
4284,8/6/2024,Tracking # will be provided on 8/4/2024
5435,8/6/2024,Tracking # will be provided on 8/4/2024
1554,8/6/2024,Tracking # will be provided on 8/4/2024
1608,8/6/2024,Tracking # will be provided on 8/4/2024
2884,8/6/2024,Tracking # will be provided on 8/4/2024
1560,8/6/2024,Tracking # will be provided on 8/4/2024
3523,8/6/2024,Tracking # will be provided on 8/4/2024
1555,8/6/2024,Tracking # will be provided on 8/4/2024
2082,8/6/2024,Tracking # will be provided on 8/4/2024
3594,8/6/2024,Tracking # will be provided on 8/4/2024
2203,8/6/2024,Tracking # will be provided on 8/4/2024
3654,8/6/2024,Tracking # will be provided on 8/4/2024
1726,8/6/2024,Tracking # will be provided on 8/4/2024
359,8/6/2024,Tracking # will be provided on 8/4/2024
100,8/6/2024,Tracking # will be provided on 8/4/2024
5260,8/6/2024,Tracking # will be provided on 8/4/2024
3164,8/6/2024,Tracking # will be provided on 8/4/2024
5837,8/6/2024,Tracking # will be provided on 8/4/2024
4516,8/6/2024,Tracking # will be provided on 8/4/2024
1959,8/16/2024,Tracking # will be provided on 8/14/2024
8331,8/16/2024,Tracking # will be provided on 8/14/2024
1553,8/16/2024,Tracking # will be provided on 8/14/2024
1848,8/16/2024,Tracking # will be provided on 8/14/2024
4405,8/16/2024,Tracking # will be provided on 8/14/2024
1401,8/16/2024,Tracking # will be provided on 8/14/2024
2815,8/16/2024,Tracking # will be provided on 8/14/2024
5485,8/16/2024,Tracking # will be provided on 8/14/2024
1534,8/16/2024,Tracking # will be provided on 8/14/2024
1565,8/16/2024,Tracking # will be provided on 8/14/2024
1567,8/16/2024,Tracking # will be provided on 8/14/2024
1581,8/16/2024,Tracking # will be provided on 8/14/2024
1636,8/16/2024,Tracking # will be provided on 8/14/2024
1649,8/16/2024,Tracking # will be provided on 8/14/2024
1695,8/16/2024,Tracking # will be provided on 8/14/2024
2033,8/16/2024,Tracking # will be provided on 8/14/2024
3648,8/16/2024,Tracking # will be provided on 8/14/2024
3875,8/16/2024,Tracking # will be provided on 8/14/2024
4352,8/16/2024,Tracking # will be provided on 8/14/2024
4569,8/16/2024,Tracking # will be provided on 8/14/2024
3313,8/16/2024,Tracking # will be provided on 8/14/2024
1896,8/16/2024,Tracking # will be provided on 8/14/2024
3254,8/16/2024,Tracking # will be provided on 8/14/2024
3729,8/16/2024,Tracking # will be provided on 8/14/2024
1840,8/16/2024,Tracking # will be provided on 8/14/2024
5843,8/16/2024,Tracking # will be provided on 8/14/2024
3352,8/16/2024,Tracking # will be provided on 8/14/2024
3708,8/16/2024,Tracking # will be provided on 8/14/2024
1789,8/16/2024,Tracking # will be provided on 8/14/2024
5231,8/16/2024,Tracking # will be provided on 8/14/2024
1630,8/16/2024,Tracking # will be provided on 8/14/2024
1972,8/16/2024,Tracking # will be provided on 8/14/2024
2025,8/16/2024,Tracking # will be provided on 8/14/2024
2031,8/16/2024,Tracking # will be provided on 8/14/2024
2161,8/16/2024,Tracking # will be provided on 8/14/2024
2648,8/16/2024,Tracking # will be provided on 8/14/2024
2989,8/16/2024,Tracking # will be provided on 8/14/2024
5434,8/16/2024,Tracking # will be provided on 8/14/2024
1563,8/16/2024,Tracking # will be provided on 8/14/2024
1660,8/16/2024,Tracking # will be provided on 8/14/2024
2297,8/16/2024,Tracking # will be provided on 8/14/2024
2950,8/16/2024,Tracking # will be provided on 8/14/2024
2951,8/16/2024,Tracking # will be provided on 8/14/2024
5162,8/16/2024,Tracking # will be provided on 8/14/2024
5686,8/16/2024,Tracking # will be provided on 8/14/2024
3477,8/16/2024,Tracking # will be provided on 8/14/2024
2333,8/16/2024,Tracking # will be provided on 8/14/2024
5996,8/16/2024,Tracking # will be provided on 8/14/2024
1853,8/16/2024,Tracking # will be provided on 8/14/2024
3248,8/16/2024,Tracking # will be provided on 8/14/2024
2206,8/16/2024,Tracking # will be provided on 8/14/2024
5041,8/16/2024,Tracking # will be provided on 8/14/2024
3132,8/16/2024,Tracking # will be provided on 8/14/2024
3146,8/16/2024,Tracking # will be provided on 8/14/2024
5880,8/16/2024,Tracking # will be provided on 8/14/2024
1045,8/16/2024,Tracking # will be provided on 8/14/2024
962,8/16/2024,Tracking # will be provided on 8/14/2024
1001,8/16/2024,Tracking # will be provided on 8/14/2024
1019,8/16/2024,Tracking # will be provided on 8/14/2024
1384,8/16/2024,Tracking # will be provided on 8/14/2024
3382,8/16/2024,Tracking # will be provided on 8/14/2024
2002,8/16/2024,Tracking # will be provided on 8/14/2024
4488,8/16/2024,Tracking # will be provided on 8/14/2024
5751,8/16/2024,Tracking # will be provided on 8/14/2024
5766,8/16/2024,Tracking # will be provided on 8/14/2024
5884,8/16/2024,Tracking # will be provided on 8/14/2024
5629,8/16/2024,Tracking # will be provided on 8/14/2024
2119,8/16/2024,Tracking # will be provided on 8/14/2024
2483,8/16/2024,Tracking # will be provided on 8/14/2024
2592,8/16/2024,Tracking # will be provided on 8/14/2024
3351,8/16/2024,Tracking # will be provided on 8/14/2024
3728,8/16/2024,Tracking # will be provided on 8/14/2024
1747,8/16/2024,Tracking # will be provided on 8/14/2024
1899,8/16/2024,Tracking # will be provided on 8/14/2024
1912,8/16/2024,Tracking # will be provided on 8/14/2024
2028,8/16/2024,Tracking # will be provided on 8/14/2024
2842,8/16/2024,Tracking # will be provided on 8/14/2024
5425,8/16/2024,Tracking # will be provided on 8/14/2024
2218,8/16/2024,Tracking # will be provided on 8/14/2024
2517,8/16/2024,Tracking # will be provided on 8/14/2024
4171,8/16/2024,Tracking # will be provided on 8/14/2024
5644,8/16/2024,Tracking # will be provided on 8/14/2024
7601,8/16/2024,Tracking # will be provided on 8/14/2024
3788,8/16/2024,Tracking # will be provided on 8/14/2024
2689,8/16/2024,Tracking # will be provided on 8/14/2024
3023,8/16/2024,Tracking # will be provided on 8/14/2024
3046,8/16/2024,Tracking # will be provided on 8/14/2024
3123,8/16/2024,Tracking # will be provided on 8/14/2024
5633,8/16/2024,Tracking # will be provided on 8/14/2024
3101,8/16/2024,Tracking # will be provided on 8/14/2024
869,8/16/2024,Tracking # will be provided on 8/14/2024
966,8/16/2024,Tracking # will be provided on 8/14/2024
2270,8/16/2024,Tracking # will be provided on 8/14/2024
5003,8/16/2024,Tracking # will be provided on 8/14/2024
984,8/16/2024,Tracking # will be provided on 8/14/2024
1492,8/16/2024,Tracking # will be provided on 8/14/2024
1689,8/16/2024,Tracking # will be provided on 8/14/2024
4639,8/16/2024,Tracking # will be provided on 8/14/2024
5137,8/16/2024,Tracking # will be provided on 8/14/2024
5334,8/16/2024,Tracking # will be provided on 8/14/2024
924,8/16/2024,Tracking # will be provided on 8/14/2024
953,8/16/2024,Tracking # will be provided on 8/14/2024
1008,8/16/2024,Tracking # will be provided on 8/14/2024
2729,8/16/2024,Tracking # will be provided on 8/14/2024
3177,8/16/2024,Tracking # will be provided on 8/14/2024
4599,8/16/2024,Tracking # will be provided on 8/14/2024
5033,8/16/2024,Tracking # will be provided on 8/14/2024
5051,8/16/2024,Tracking # will be provided on 8/14/2024
905,8/16/2024,Tracking # will be provided on 8/14/2024
1231,8/16/2024,Tracking # will be provided on 8/14/2024
1659,8/16/2024,Tracking # will be provided on 8/14/2024
3867,8/16/2024,Tracking # will be provided on 8/14/2024
4288,8/16/2024,Tracking # will be provided on 8/14/2024
4567,8/16/2024,Tracking # will be provided on 8/14/2024
5341,8/16/2024,Tracking # will be provided on 8/14/2024
5370,8/16/2024,Tracking # will be provided on 8/14/2024
1252,8/16/2024,Tracking # will be provided on 8/14/2024
1308,8/16/2024,Tracking # will be provided on 8/14/2024
2125,8/16/2024,Tracking # will be provided on 8/14/2024
2751,8/16/2024,Tracking # will be provided on 8/14/2024
3566,8/16/2024,Tracking # will be provided on 8/14/2024
5049,8/16/2024,Tracking # will be provided on 8/14/2024
921,8/16/2024,Tracking # will be provided on 8/14/2024
986,8/16/2024,Tracking # will be provided on 8/14/2024
1058,8/16/2024,Tracking # will be provided on 8/14/2024
1095,8/16/2024,Tracking # will be provided on 8/14/2024
1199,8/16/2024,Tracking # will be provided on 8/14/2024
1280,8/16/2024,Tracking # will be provided on 8/14/2024
1550,8/16/2024,Tracking # will be provided on 8/14/2024
1808,8/16/2024,Tracking # will be provided on 8/14/2024
4377,8/16/2024,Tracking # will be provided on 8/14/2024
5099,8/16/2024,Tracking # will be provided on 8/14/2024
5232,8/16/2024,Tracking # will be provided on 8/14/2024
5458,8/16/2024,Tracking # will be provided on 8/14/2024
842,8/16/2024,Tracking # will be provided on 8/14/2024
2672,8/16/2024,Tracking # will be provided on 8/14/2024
3018,8/16/2024,Tracking # will be provided on 8/14/2024
1200,8/16/2024,Tracking # will be provided on 8/14/2024
1434,8/16/2024,Tracking # will be provided on 8/14/2024
3227,8/16/2024,Tracking # will be provided on 8/14/2024
3805,8/16/2024,Tracking # will be provided on 8/14/2024
4335,8/16/2024,Tracking # will be provided on 8/14/2024
5123,8/16/2024,Tracking # will be provided on 8/14/2024
2223,8/16/2024,Tracking # will be provided on 8/14/2024
2293,8/16/2024,Tracking # will be provided on 8/14/2024
2752,8/16/2024,Tracking # will be provided on 8/14/2024
3533,8/16/2024,Tracking # will be provided on 8/14/2024
3824,8/16/2024,Tracking # will be provided on 8/14/2024
4734,8/16/2024,Tracking # will be provided on 8/14/2024
2458,8/16/2024,Tracking # will be provided on 8/14/2024
3847,8/16/2024,Tracking # will be provided on 8/14/2024
3050,8/16/2024,Tracking # will be provided on 8/14/2024
4178,8/16/2024,Tracking # will be provided on 8/14/2024
4757,8/16/2024,Tracking # will be provided on 8/14/2024
2194,8/16/2024,Tracking # will be provided on 8/14/2024
2258,8/16/2024,Tracking # will be provided on 8/14/2024
5753,8/16/2024,Tracking # will be provided on 8/14/2024
5968,8/16/2024,Tracking # will be provided on 8/14/2024
2226,8/16/2024,Tracking # will be provided on 8/14/2024
3139,8/16/2024,Tracking # will be provided on 8/14/2024
3140,8/16/2024,Tracking # will be provided on 8/14/2024
5604,8/16/2024,Tracking # will be provided on 8/14/2024
5605,8/16/2024,Tracking # will be provided on 8/14/2024
5643,8/16/2024,Tracking # will be provided on 8/14/2024
5658,8/16/2024,Tracking # will be provided on 8/14/2024
5659,8/16/2024,Tracking # will be provided on 8/14/2024
3019,8/16/2024,Tracking # will be provided on 8/14/2024
3126,8/16/2024,Tracking # will be provided on 8/14/2024
3127,8/16/2024,Tracking # will be provided on 8/14/2024
3128,8/16/2024,Tracking # will be provided on 8/14/2024
3176,8/16/2024,Tracking # will be provided on 8/14/2024
3740,8/16/2024,Tracking # will be provided on 8/14/2024
4491,8/16/2024,Tracking # will be provided on 8/14/2024
4747,8/16/2024,Tracking # will be provided on 8/14/2024
5828,8/16/2024,Tracking # will be provided on 8/14/2024
3604,8/16/2024,Tracking # will be provided on 8/14/2024
3844,8/16/2024,Tracking # will be provided on 8/14/2024
4218,8/16/2024,Tracking # will be provided on 8/14/2024
4233,8/16/2024,Tracking # will be provided on 8/14/2024
7320,8/16/2024,Tracking # will be provided on 8/14/2024
2486,8/16/2024,Tracking # will be provided on 8/14/2024
3047,8/16/2024,Tracking # will be provided on 8/14/2024
4174,8/16/2024,Tracking # will be provided on 8/14/2024
5610,8/16/2024,Tracking # will be provided on 8/14/2024
5634,8/16/2024,Tracking # will be provided on 8/14/2024
5635,8/16/2024,Tracking # will be provided on 8/14/2024
4762,8/16/2024,Tracking # will be provided on 8/14/2024
5600,8/16/2024,Tracking # will be provided on 8/14/2024
5663,8/16/2024,Tracking # will be provided on 8/14/2024
8958,8/16/2024,Tracking # will be provided on 8/14/2024
2590,8/16/2024,Tracking # will be provided on 8/14/2024
3145,8/16/2024,Tracking # will be provided on 8/14/2024
5627,8/16/2024,Tracking # will be provided on 8/14/2024
5994,8/16/2024,Tracking # will be provided on 8/14/2024
3099,8/16/2024,Tracking # will be provided on 8/14/2024
5008,8/16/2024,Tracking # will be provided on 8/14/2024
5601,8/16/2024,Tracking # will be provided on 8/14/2024
5640,8/16/2024,Tracking # will be provided on 8/14/2024
2468,8/16/2024,Tracking # will be provided on 8/14/2024
5007,8/16/2024,Tracking # will be provided on 8/14/2024
5606,8/16/2024,Tracking # will be provided on 8/14/2024
5608,8/16/2024,Tracking # will be provided on 8/14/2024
5609,8/16/2024,Tracking # will be provided on 8/14/2024
5981,8/16/2024,Tracking # will be provided on 8/14/2024
5982,8/16/2024,Tracking # will be provided on 8/14/2024
3359,8/16/2024,Tracking # will be provided on 8/14/2024
4148,8/16/2024,Tracking # will be provided on 8/14/2024
4432,8/16/2024,Tracking # will be provided on 8/14/2024
4848,8/16/2024,Tracking # will be provided on 8/14/2024
3156,8/16/2024,Tracking # will be provided on 8/14/2024
4220,8/16/2024,Tracking # will be provided on 8/14/2024
4388,8/16/2024,Tracking # will be provided on 8/14/2024
4431,8/16/2024,Tracking # will be provided on 8/14/2024
5393,8/16/2024,Tracking # will be provided on 8/14/2024
6176,8/16/2024,Tracking # will be provided on 8/14/2024
6243,8/16/2024,Tracking # will be provided on 8/14/2024
6586,8/16/2024,Tracking # will be provided on 8/14/2024
7206,8/16/2024,Tracking # will be provided on 8/14/2024
3354,8/16/2024,Tracking # will be provided on 8/14/2024
3355,8/16/2024,Tracking # will be provided on 8/14/2024
3356,8/16/2024,Tracking # will be provided on 8/14/2024
3655,8/16/2024,Tracking # will be provided on 8/14/2024
4339,8/16/2024,Tracking # will be provided on 8/14/2024
5258,8/16/2024,Tracking # will be provided on 8/14/2024
5259,8/16/2024,Tracking # will be provided on 8/14/2024
5269,8/16/2024,Tracking # will be provided on 8/14/2024
5306,8/16/2024,Tracking # will be provided on 8/14/2024
5423,8/16/2024,Tracking # will be provided on 8/14/2024
3147,8/16/2024,Tracking # will be provided on 8/14/2024
3179,8/16/2024,Tracking # will be provided on 8/14/2024
5664,8/16/2024,Tracking # will be provided on 8/14/2024
3083,8/16/2024,Tracking # will be provided on 8/14/2024
3175,8/16/2024,Tracking # will be provided on 8/14/2024
4196,8/16/2024,Tracking # will be provided on 8/14/2024
6178,8/16/2024,Tracking # will be provided on 8/14/2024
3153,8/16/2024,Tracking # will be provided on 8/14/2024
3154,8/16/2024,Tracking # will be provided on 8/14/2024
3172,8/16/2024,Tracking # will be provided on 8/14/2024
4625,8/16/2024,Tracking # will be provided on 8/14/2024
4626,8/16/2024,Tracking # will be provided on 8/14/2024
5855,8/16/2024,Tracking # will be provided on 8/14/2024
5990,8/16/2024,Tracking # will be provided on 8/14/2024
4275,8/16/2024,Tracking # will be provided on 8/14/2024
3144,8/16/2024,Tracking # will be provided on 8/14/2024
3178,8/16/2024,Tracking # will be provided on 8/14/2024
5678,8/16/2024,Tracking # will be provided on 8/14/2024
5993,8/16/2024,Tracking # will be provided on 8/14/2024
3084,8/16/2024,Tracking # will be provided on 8/14/2024
4134,8/16/2024,Tracking # will be provided on 8/14/2024
4169,8/16/2024,Tracking # will be provided on 8/14/2024
5603,8/16/2024,Tracking # will be provided on 8/14/2024
5637,8/16/2024,Tracking # will be provided on 8/14/2024
5661,8/16/2024,Tracking # will be provided on 8/14/2024
5684,8/16/2024,Tracking # will be provided on 8/14/2024
3988,8/16/2024,Tracking # will be provided on 8/14/2024
4180,8/16/2024,Tracking # will be provided on 8/14/2024
5110,8/16/2024,Tracking # will be provided on 8/14/2024
5206,8/16/2024,Tracking # will be provided on 8/14/2024
