Dept Nbr,Mod Cat,Display Desc,Long Description,UPC,Item Nbr,How to Order,GNFR Nbr,ETA
14,20,LARGE GADGET BIN,VS D14 DISPLAY TT GADGETBIN LARGE BUCKET,NA,NA,Week 14 2025 Delete,Week 14 2025 Delete,
14,20,SMALL GADGET BIN,VS D14 DISPLAY TT GADGETBIN SMALL BUCKET,NA,NA,Week 14 2025 Delete,Week 14 2025 Delete,
14,20,CARD SLEEVE,VS D14 DISPLAY TT CARD SLEEVE GADGET BIN,NA,NA,Week 14 2025 Delete,Week 14 2025 Delete,
14,20,WIRE BIN FRAME,VS D14 DISPLAY TT GADGET BIN WIRE FRAME,NA,NA,Week 14 2025 Delete,Week 14 2025 Delete,
14,30,CUTLERY FIXTURE,VS D14 CUTLERY BIN 2FT MAINSTAYS,NA,NA,Week 14 2025 Delete,Week 14 2025 Delete,
14,30,CUTLERY BIN MAGNETIC STRIP,VS D14 MAG STRIP 2FT MAINSTAYS CUTLERY,NA,NA,Week 14 2025 Delete,Week 14 2025 Delete,
14,80,LODGE CAST IRON FIXTRE,LODGE CAST IRON FIXTRE,NA,NA,1-700-WALMART,NA,
14,141,CORELLE PM FIXTURE,VS D14 DIS 8POCKET VERTICAL PLACEMAT SDK,7314349085,1474757,GNFR,100502327,
14,142,ZAK DESIGNS PLACEMAT SIDEKICK,VS D14 SIDEKICK CHARACTER PLACEMAT,NA,NA,GNFR,100642980,
14,210,CIRKUL INLINE TRAY,CIRKUL INLINE TRAY,NA,NA,1-700-WALMART,NA,
14,240,CAMBRIDGE FLATWARE OPENSTOCK DIS,VS D14 CAMBRIDGE FLATWARE BIN FIXTURE,NA,NA,GNFR,100651114,
14,240,CAMBRIDGE MAGNETIC STRIPS,VS D14 CSL MAGNET STRIP BYRAM RBW/HARMNZ,NA,NA,GNFR,100660048,
14,240,CAMBRIDGE MAGNETIC STRIPS,VS D14 CSL MAGNET STRIP BYRAM BLK/PEPINO,NA,NA,GNFR,100660049,
14,240,ONEIDA FLATWARE OPENSTOCK DIS,VS D14 ONEIDA FLATWARE BIN FIXTURE,NA,NA,GNFR,100652136,
14,240,ONEIDA MAGNETIC STRIPS,VS D14 FLATWARE ONEIDA MAGNET STRIP 2PK,NA,NA,GNFR,100673431,
14,240,BHG MAGNETIC STRIP,VS D14 FLATWARE BHG MAG STRIP RIVER GOLD,NA,NA,GNFR,100707396,
14,240,TT FLATWARE MAGNETIC STRIP,VS D14 TT FLATWARE MAGNETIC STRIPS,NA,NA,GNFR,100705743,
14,240,MAINSTAYS FLATWARE OPENSTOCK DIS,VS D14 FLATWARE BIN 2FT MAINSTAYS,NA,NA,GNFR,100655304,
14,240,4PC MAGNETIC STRIPS,VS D14 4PC MAGNETSTRIPS FOR 8FT MOD C240,489517612335,599886166,GNFR,100683470,
14,240,2PC MAGNETIC STRIPS,VS D14 2PC MAGNETSTRIPS FOR 4FT MOD C240,489517612336,599886165,GNFR,100683471,
14,240,4FT COMBO MOD MAINSTAYS MAG STRIP,VS D14 2020 D14 MAGNET 4FT COMBO SET,NA,NA,GNFR,100661763,
14,240,WINDERMERE 4FT FLATWARE FIXTURE,VS D14 WINDERMERE FLATWARE 4FT BIN FIXT,NA,NA,GNFR,100700536,
14,320,BD 4SL TOAST OV NWD,VS D14 DISPLAY BD 4SL TOAST OV NWD,5087582829,581880406,GNFR,100665055,
14,320,BD 6SL TOAST OV NWD,VS D14 DISPLAY BD 6SL TOAST OV NWD,5087582830,581659260,GNFR,100665056,
14,320,BD 2 SS TOASTER NWD,VS D14 DISPLAY BD 2 SS TOASTER NWD,5087500175,595823399,GNFR,100673253,
14,320,BD 2 RAPID TOAST NWD,VS D14 DISPLAY BD 2 RAPID TOAST NWD,5087500366,666906383,GNFR,100704414,
14,320,BD 2 WIDE TOAST NWD,VS D14 DISPLAY BD 2 WIDE TOASTER BLACK,5087500364,666888044,GNFR,100704415,
14,320,BD 4SLICE TOASTR NWD,VS D14 DISPLAY BD 4SLICE TOASTR BLACK,5087500365,666888043,GNFR,100704416,
14,320,CUISIN 2STOST SS NWD,VS D14 DISPLAY CUISIN 2STOST SS NWD,8627923608,668151149,GNFR,100704405,
14,320,CUISIN 4STOST SS NWD,VS D14 DISPLAY CUISIN 4STOST SS NWD,8627923610,668151148,GNFR,100704406,
14,320,CUISIN TOV 70 NWD,VS D14 DISPLAY CUISIN TOV 70 NWD,8627923611,668132376,GNFR,100704407,
14,320,COSORITOASTOVENDSPLY,VS D14 DISPLAY COSORITOASTOVENDSPLY,81004337789,652256429,GNFR,100684167,
14,320,CHEFMAN WAFFLE NWD,VS D14 DISPLAY CHEFMAN WAFFLE NWD,81008784474,654909902,Week 19 2025 Delete,Week 19 2025 Delete,
14,320,CHEF 4SL WAFFLE NWD,VS D14 DISPLAY CHEF 4SL WAFFLE NWD,81008784780,667040416,Week 19 2025 Delete,Week 19 2025 Delete,
14,320,HB 2SL TOASTER NWD,VS D14 DISPLAY HB 2SL TOASTER NWD,4009495439,659321307,GNFR,100699003,
14,320,HB BREAD MAKER DSP,VS D14 DISPLAY HB BREAD MAKER DSP,4009495545,666654267,GNFR,100704430,
14,320,HB LONG TOASTER NWD,VS D14 DISPLAY HB LONG TOASTER NWD,4009495541,666196911,GNFR,100704431,
14,320,HB XL TOASTER OV NWD,VS D14 DISPLAY HB XL TOASTER OV NWD,4009495536,666546520,GNFR,100704432,
14,320,PRST PIZZA MAKER NWD,VS D14 DISPLAY PRST PIZZA MAKER NWD,7574119641,661045252,GNFR,100699033,
14,320,NINJA DOUBLE OV NWD,VS D14 DISPLAY NINJA DOUBLE OV NWD,62235660974,667224275,GNFR,100704423,
14,320,DASH PIZZA GRDL NWD,VS D14 DISPLAY DASH PIZZA GRDL NWD,81013739150,667289099,GNFR,100704401,
14,320,GOURMIA TOAST OV NWD,VS D14 DISPLAY GOURMIA TOAST OV NWD,81000286434,659320579,GNFR,100699265,
14,320,GOURMIA 35L TOV NWD,VS D14 DISPLAY GOURMIA 35L TOV NWD,81000286634,671525709,GNFR,100713322,
14,320,INSPIREX TOASTER NWD,INSPIREX TOASTER NWD,81006170968,659444423,1-700-WALMART,N/A,
14,320,MYMINI WAFFLE TL NWD,MYMINI WAFFLE TL NWD,8267700420,582640332,1-700-WALMART,N/A,
14,320,MYMINI EGG MAKER NWD,MYMINI EGG MAKER NWD,8267700422,582640334,1-700-WALMART,N/A,
14,320,MS WAFFLE MAKER NWD,MS WAFFLE MAKER NWD,65577202255,659607905,1-700-WALMART,N/A,
14,320,MS 4SL WAFFLE NWD,MS 4SL WAFFLE NWD,65577202348,666819942,1-700-WALMART,N/A,
14,320,MYMINI SNDWCH NWD,MYMINI SNDWCH NWD,81006170772,652560130,1-700-WALMART,N/A,
14,320,MYMINI NODLE CKR NWD,MYMINI NODLE CKR NWD,81006170773,652560132,1-700-WALMART,N/A,
14,320,MS 2SL TOAST BL NWD,MS 2SL TOAST BL NWD,489707455210,659851075,1-700-WALMART,N/A,
14,320,MS 4SL TOASTER NWD,MS 4SL TOASTER NWD,489707455211,582819941,1-700-WALMART,N/A,
14,320,MS TOAST OV BLK NWD,MS TOAST OV BLK NWD,489707455347,655262430,1-700-WALMART,N/A,
14,320,MS 2 SL TOASTER NWD,MS 2 SL TOASTER NWD,489707455404,667059957,1-700-WALMART,N/A,
14,320,PW 2S TOASTER DSP,PW 2S TOASTER DSP,489707455413,667059961,1-700-WALMART,N/A,
14,320,MS WAFFL SANDWCH NWD,MS WAFFL SANDWCH NWD,692249579501,655262442,1-700-WALMART,N/A,
14,320,MS XL TOAST OVEN NWD,MS XL TOAST OVEN NWD,84029650553,659581710,1-700-WALMART,N/A,
14,320 & 391,BTFL 2SL TOASTER NWD,VS D14 DISPLAY BTFL 2SL TOASTER NWD,82948619155,650153094,GNFR,100686544,
14,320 & 391,BTFL TOAST OV WH NWD,VS D14 DISPLAY BTFL TOAST OV WH NWD,82948619382,659306447,GNFR,100699037,
14,320 & 391,BTFL 4SL TOASTER NWD,VS D14 DISPLAY BTFL 4SL TOASTER NWD,82948619499,666792225,GNFR,100704403,
14,320 & 391,BTFL FLIP WAFFLE NWD,VS D14 DISPLAY BTFL FLIP WAFFLE NWD,82948619497,666792226,GNFR,100704404,
14,320 & 392,NINJA TOASTER OV NWD,VS D14 DISPLAY NINJA TOAST OV DSPSP080,62235655805,670078004,GNFR,100708271,
14,320 & 392,NINJ TOAST OV XL NWD,VS D14 DISPLAY NINJA TOAST OV XL NWD,62235656352,581546857,GNFR,100661324,
14,325,DISPLAY FOR PANA 1.3,VS D14 DISPLAY FOR PANA 1.3 SILVER NWD,88517043307,666584722,GNFR,100706708,
14,325,MS 0.7 CF BLK DIS,VS D14 DISPLAY MS 0.7 CF BLACK DISP,19087300897,597309892,GNFR,100714109,
14,325,MS 0.7 CF WHT DIS,VS D14 DISPLAY MS 0.7 WHITE DIS,19087300895,652535149,GNFR,100714400,
14,325,MS 0.7 CF RED DIS,VS D14 DISPLAY MS 0.7 CF RED DIS,19087300896,597309919,GNFR,100714401,
14,325,HB 0.9 CF SS MWO DIS,VS D14 DISPLAY HB 0.9 CF BSS MWO DIS,19087301165,656828333,GNFR,100714402,
14,325,HB 0.9 CF BSS DIS,VS D14 DISPLAY HB 0.9 CF BSS DISPLAY,19087301166,657170328,GNFR,100714403,
14,325,HB 1.6 MWO SS DIS,VS D14 DISPLAY HB 1.6 CF SS DISPLAY,19087301070,651554281,GNFR,100714404,
14,325,GA 0.7 RETRO BLU DIS,VS D14 DISPLAY GA 0.7 RETRO BLU DIS,19087300563,652535153,GNFR,100714405,
14,325,GA .9 AIRFRY MWO DIS,VS D14 DISPLAY GA 0.9 AIRFRY DISPLAY,19087300461,652535152,GNFR,100714406,
14,325,BTF 1.1 MWO WE DIS,VS D14 DISPLAY BF 1.1 CF WHT DISPLAY,19087301069,651554172,GNFR,100714407,
14,325,DISPLAY FOR LG 1.5,DISPLAY FOR LG 1.5,4823134264,595505511,NOT AVAILABLE,NOT AVAILABLE,
14,325,MS 1.1 MWO DS,VS D14 DISPLAY MS 1.1 MWO DS,84029650935,667103868,GNFR,100719364,
14,325,MS 2.2 MWO BL DS,VS D14 DISPLAY MS 2.2 MWO BL DIS,84029650938,667103869,GNFR,100719367,
14,325,HB 1.1 MWO SS DS,VS D14 DISPLAY HB 1.1 MWO SS DS,84029650934,667103867,GNFR,100715591,
14,325,HB 1.1 BSS MWO DS,VS D14 DISPLAY HB 1.1 MWO BSS DIS,84029650937,667142258,GNFR,100719366,
14,325,HB 1.1 WSS MWO DS,VS D14 DISPLAY HB 1.1 MWO WSS DIS,84029650936,667142259,GNFR,100719365,
14,325,TOSHIBA 2.2 MWO DS,VS D14 DISPLAY TOSHIBA 2.2 MWO DS,84029650939,667103898,GNFR,100719368,
14,330,MAGIC BULLET 4PC DSP,VS D14 DISPLAY MAGIC BULLET 4PC DSP,81009797230,659557176,GNFR,100699032,
14,330,MB 11PC DISPLAY,VS D14 DISPLAY MB 11PC DISPLAY,81009797472,667375045,GNFR,100704538,
14,330,NB 600W 6PC DISPLAY,VS D14 DISPLAY NB 600W 6PC DISPLAY,81009797476,667375043,GNFR,100704539,
14,330,NB PRO BLACK DISPLAY,VS D14 DISPLAY NB PRO BLACK DISPLAY,81009797473,667375046,GNFR,100704550,
14,330,NB ULTRA BLNDR DSP,VS D14 DISPLAY NB ULTRA BLNDR DSP,81009797596,670092964,GNFR,100711842,
14,330,BTFL BLNDR WH NWD,VS D14 DISPLAY BTFL BLNDR WH DSP,82948619500,669432976,GNFR,100711759,
14,330,BTFL 4FT STNDMX NWD,VS D14 DISPLAY BTFL 4FT DISPLAY,82948619579,669433388,GNFR,100711881,
14,330,BLENDJET 2 DISPLAY,VS D14 DISPLAY BLENDJET 2 DISPLAY,81005364103,651511349,GNFR,100685364,
14,330,PORTABLE BLENDING FIXTURE,VS D14 BLENDJET PORTABLE BLENDING FIX,NA,NA,GNFR,100691697,
14,330,BD 8C FOOD PROC DIS,VS D14 DISPLAY BD 8C FOOD PROCESSOR,5087582071,564653863,GNFR,100637144,
14,330,BD QUIET BLENDER DIS,VS D14 DISP BD QUIET BLENDER BL1400DG-P,5087582780,578041431,GNFR,100656839,
14,330,BD BLENDER DISPL,VS D14 DISPLAY BD BLENDER DISPL,5087500395,667266724,GNFR,100704515,
14,330,CHEFMAN BLND BLK DSP,VS D14 DISPLAY CHEFMAN BLND BLK DSP,81008784941,669993558,GNFR,100711846,
14,330,CHEFMAN BLNDR WH DSP,VS D14 DISPLAY CHEFMAN BLNDR WH DSP,81008784942,669993525,GNFR,100711847,
14,330,CUIS 8C FD PROC NWD,VS D14 DISPLAY CUIS 8C FD PROC DSP,8627923739,669250610,GNFR,100711923,
14,330,HB SMOOTHIE BLD DSP,VS D14 DISPLAY HB SMTH BLENDER 50180DISW,4009495334,657458375,GNFR,100692372,
14,330,HB GLASS JAR BLK DSP,VS D14 DISPLAY HB GLASS JAR BLK DSP,4009495440,659544046,GNFR,100699004,
14,330,HB GLASS JAR RED DSP,VS D14 DISPLAY HB GLASS JAR RED DSP,4009495441,659544047,GNFR,100699005,
14,330,HB FOOD PROC NWD,VS D14 DISPLAY HB FOOD PROC NWD,4009495442,659556248,GNFR,100699006,
14,330,HB BLENDER WHITE DSP,VS D14 DISPLAY HB BLENDER WHITE DSP,4009495534,666166770,GNFR,100704477,
14,330,HB SS BLNDER BLK DSP,VS D14 DISPLAY HB SS BLNDER BLK DSP,4009495533,666166769,GNFR,100704478,
14,330,HB SMART BLNDR DSP,VS D14 DISPLAY HB SMART BLNDR DSP,4009495542,666166768,GNFR,100704479,
14,330,OS BIG JAR BLNDR DS,VS D14 DISPLAY OS BIG JAR BLENDER,5389114779,581592955,GNFR,100664032,
14,330,OST ONE TCH BLD DSP,VS D14 DISPLAY OST ONE TCH BLD DSP,5389117374,659557444,GNFR,100699049,
14,330,PORTABLE BLENDING FIXTURE,VS D14 SHARKNINJA PORTABLE BLENDING FIX,NA,NA,GNFR,100691924,
14,330,NINJA BLENDSENSE DSP,VS D14 DISP NINJA BLENDSENSE DSPTB400WMP,62235661726,661041661,GNFR,100693778,
14,330,MS SNGLSRVBLNDR DISP,MS SNGLSRVBLNDR DISP,84014620206,581850197,1-700-WALMART,N/A,
14,330,MS BLENDER BLK DSP,MS BLENDER BLK DSP,84014620207,659580570,1-700-WALMART,N/A,
14,330,MS GLASS BLENDER DIS,MS GLASS BLENDER DIS,85005791045,670089810,1-700-WALMART,N/A,
14,330,MS 10PC BLENDER DSP,MS 10PC BLENDER DSP,489707455440,670582672,1-700-WALMART,N/A,
14,330,BEAST MINI SAND DSP,BEAST MINI SAND DSP,85006389703,670046787,1-700-WALMART,N/A,
14,330,PROMIXX SENSE DSP,PROMIXX SENSE DSP,506054284154,670091051,1-700-WALMART,N/A,
14,330,CULINARY DISPLAY,VS D14 DISPLAY KA CULINARY,88304962741,595426809,GNFR,100674094,
14,330 & 391,KA DLX STND MX C DSP,VS D14 DISPLAY KA DLX STND MX C DSP,88304968408,666999090,GNFR,100704501,
14,330 & 391,KA CLASSIC MIXER DIS,VS D14 DISPLAY KA CLASSIC MIXER,88304950082,568570268,GNFR,100637200,
14,330 & 391,KA DELUXE BLUE DISP,VS D14 DISPLAY KA DELUXE BLUE DISP,88304960003,581659331,GNFR,100665405,
14,330 & 391,KA DELUXE ROSE DSP,VS D14 DISPLAY KA DELUXE ROSE DSP,88304968407,661136389,GNFR,100699007,
14,330 & 391,KA DELUXE RED DSP,VS D14 DISPLAY KA DELUXE RED DSP,88304968406,661136390,GNFR,100699008,
14,330 & 391,BTFL STNDMXR WH DISP,VS D14 DISPLAY BTFL STNDMXR WH DISP,82948619316,655697055,GNFR,100692343,
14,330 & 391,BTFL PRSBLEND DSPLY,VS D14 DISPLAY BTFL PRSBLEND DSPLY,82948619496,666543358,GNFR,100704467,
14,330 & 391,BTFL LAV STMX DSPLY,VS D14 DISPLAY BTFL LAV STMX DSPLY,82948619530,666543359,GNFR,100707355,
14,330 & 391,BTFL 3.5 STMX WH NWD,VS D14 DISPLAY BTFL 3.5 STMX WH DSP,82948619501,669432133,GNFR,100711880,
14,330 & 393,NJA GRND KTSYS DSP,VS D14 DISPLAY NINJA KITCHEN SYSTEM DSP,62235661862,666371570,GNFR,100702988,
14,330 & 393,NINJA FOOD PROC DIS,VS D14 DISPLAY NINJA FOOD PROC,62235656505,581383148,GNFR,100661321,
14,330 & 393,NINJA BLNDR W/CUP DS,VS D14 DISPLAY NINJA BLENDR W/CUP,62235656399,581491954,GNFR,100661327,
14,330 & 393,NINJA SS BLENDER NWD,VS D14 DISPLAY NINJA SS BLENDER,62235657068,587016286,GNFR,100667346,
14,330 & 393,NINJA SS A-IQ NWD,VS D14 DISPLAY NINJA SS AUTO IQ BLND,62235657160,587016399,GNFR,100667347,
14,330 & 393,DSPBN800,VS D14 DISPLAY NINJA PRO KTSYS DSPBN800,62235657925,595484212,GNFR,100671225,
14,330 & 393,SS150 DISPLAY,VS D14 DISPLAY NINJA TWISTI SS150 NWD,62235658539,598131588,GNFR,100676098,
14,330 & 393,DSPBN700WMP,VS D14 DISPLAY NINJA PRO BLN DSPBN700WMP,62235659698,651453770,GNFR,100682484,
14,330 & 393,NINJA BLENDSENSE DSP,VS D14 DISP NINJA BLENDSENSE DSPTB300WMP,62235661727,659592856,GNFR,100693779,
14,330 & 393,NC300 DSP,VS D14 DISPLAY NINJA CREAMI NC300 NWD,62235657139,598188459,GNFR,100677612,
14,330 & 393,NINJA BLAST MAX NWD,VS D14 DISPLAY NINJA BLAST MAX DSP,62235663998,670054110,GNFR,100709406,
14,355,THIRSTI POD RACK TRAY,VS D14 DISPLAY NINJA THIRSTI POD RACK,NA,NA,GNFR,100701847,
14,355,SODA STREAM CO2 SIGN,VS D14 DISP SODASTREAM CO2 SIGN 1.5X12X,NA,NA,GNFR,100702380,
14,355,BARTESIAN DISPLAY,VS D14 DISPLAY BARTESIAN DISP 55310DISW2,4009495520,666037191,GNFR,100705412,
14,355,NJA THIRSTI DISPLAY,VS D14 DISPLAY NINJA THIRSTI DISPLAY,62235661250,666166892,GNFR,100703083,
14,355,NJA SLUSHI DISPLAY,VS D14 DISPLAY NINJA SLUSHI DISPLAY NWD,62235664064,669179217,GNFR,100708584,
14,355,BLACK TERRA DISPLAY,VS D14 DISPLAY SODASTREAM BLACK TERRA,81005545679,666165277,GNFR,100706840,
14,355,WHITE GAIA DISPLAY,VS D14 DISPLAY SODASTREAM WHITE GAIA,81005545680,666163252,Week 16 2025 Delete,Week 16 2025 Delete,
14,360,BUNN 10C COFFEE DIS,VS D14 DISPLAY BUNN 10C COFFEE,7250438356,581659245,GNFR,100665540,
14,360,CUISINART 12C BLK DS,VS D14 DISPLAY CUISINART 12C BLK,8627918084,581569878,GNFR,100665535,
14,360,14 CUP DISPLAY,VS D14 DISPLAY CUISIN 14 CUP DISPLAY,8627923483,667946526,GNFR,100707495,
14,360,HB 5C COFFEEMAKR DSP,D14 DISPLAY HB 5C COFFEEMAKR DSP,4009495540,666214413,Week 16 2025 Delete,Week 16 2025 Delete,
14,360,HB 12C COFFEEMKR DSP,D14 DISPLAY HB 12C COFFEEMKR DSP,4009495538,666214415,Week 16 2025 Delete,Week 16 2025 Delete,
14,360,HB 5IN1 FLEXBREW DSP,VS D14 DISPLAY HB 5IN1 FLEXBREW DSP,4009495535,666191532,GNFR,100705411,
14,360,MC 5CUP COFFEE DIS,VS D14 DISPLAY MC 5CUP COFFEE DIS,5389113991,578327779,GNFR,100659332,
14,360,MC 12C COFFEE DISPL,VS D14 DISPLAY MC 12C COFFEE,5389114474,581569883,GNFR,100664031,
14,360,MC 12C SWITCH BLK DS,VS D14 DISPLAY MC 12C SWITCH BLK,5389115168,581912503,GNFR,100652175,
14,360,MR. COFFEE FRAP DS,VS D14 DISPLAY MR COFFEE FRAP DS,5389116447,595423542,GNFR,100673237,
14,360,MR C SPEED BREW DISP,VS D14 DISPLAY MR C SPEED BREW DISP,5389117378,659475674,GNFR,100699263,
14,360,MR COFFEE BRAND SIGN,VS D14 DISPLAY MR COFFEE BRAND SIGN,5389117675,667944822,GNFR,100707511,
14,360,MC STEAM DSP,VS D14 DISPLAY MC STEAM DSP,5389117382,669641703,GNFR,100711924,
14,360,BTFL 14C DSP,VS D14 DISPLAY BTFL 14C DSP,82948619152,598305144,GNFR,100686541,
14,360,BTFL PGRIND DSP,VS D14 DISPLAY BTFL PGRIND DSP NWD,82948619495,666035685,GNFR,100707356,
14,360,BTFL ESP DSP,VS D14 DISPLAY BTFL ESP DSP NWD,82948619498,666035686,GNFR,100707357,
14,360,CHFMN KETTLE DSP,VS D14 DISPLAY CHFMN KETTLE DSP NWD,81008784784,667129112,Week 16 2025 Delete,Week 16 2025 Delete,
14,360,CHFMN BRISTA DSP,VS D14 DISPLAY CHFMN BRISTA DSP NWD,81008784785,667156016,GNFR,100707391,
14,360,CHF ESP DISPLAY,VS D14 DISPLAY CHF ESP DISPLAY,81008784915,670203910,GNFR,100711848,
14,360 & 393,CM300 DISPLAY,VS D14 DISPLAY NINJA CM300 HOTICED DSP,62235657828,595522333,GNFR,100671226,
14,360 & 393,COFFEE DSP,VS D14 DISPLAY NINJA CFP300 COFFEE,62235657942,595480424,GNFR,100671944,
14,360 & 393,DSPCE250WMP,VS D14 DISPLAY NINJA DSPCE250WMP,62235659688,651701123,GNFR,100683028,
14,360 & 394,KEURIG K-ELITE DISPL,VS D14 DISPLAY KEURIG K-ELITE,61124737208,565672641,GNFR,100637104,
14,360 & 394,KEURIG K-SLIM DISP,VS D14 DISPLAY KEURIG K-SLIM,61124738581,578189968,GNFR,100657835,
14,360 & 394,KEURIG KSUPREME DIS,VS D14 DISPLAY KEURIG KSUPREME,61124738641,587411973,GNFR,100671472,
14,360 & 394,DPLY KEXPE BLK,VS D14 DISPLAY KEURIG KEXPRES BLK,61124738925,587411957,GNFR,100671473,
14,360 & 394,KEURIG KEXPRES RD DS,VS D14 DISPLAY KEURIG KEXPRES RED,61124738927,587411958,GNFR,100671475,
14,360 & 394,K-CAFE ESS DSPLY,VS D14 DISPLAY KEURIG K-CAFE ESS DSPLY,61124739711,598355934,GNFR,100680820,
14,360 & 394,DPLY SLED KICDE GRAY,VS D14 DISPLAY DPLY SLED KICDE GRAY,61124740000,657364516,GNFR,100690984,
14,360 & 394,DPLY KDUO WOOD DSP,VS D14 DISPLAY DPLY KDUO WOOD DSP,61124740184,666913037,GNFR,100707397,
14,360 & 394,KEE PAC BLUE DSP,VS D14 DISPLAY KEE PAC BLUE DSP,61124740403,667061624,GNFR,100707398,
14,360 & 394,BREWCHILL DSP,VS D14 DISPLAY KEURIG BREWCHILL DSP,61124740483,670314286,GNFR,100712160,
14,360 & 394,NESPR VERTUO POP DIS,NESPR VERTUO POP DIS,4438700903,661419304,1-700-WALMART,N/A,
14,360 & 394,NESP NEXT DISP,NESP NEXT DISP,4438712026,667944654,1-700-WALMART,N/A,
14,360,NESPRESSO VERTUO DIS,NESPRESSO VERTUO DIS,2161480806,652138148,1-700-WALMART,N/A,
14,360,EMBER MUG DSP,EMBER MUG DSP,85292000721,666793105,1-700-WALMART,N/A,
14,394,DISPLAY VERTUO PLUS,DISPLAY VERTUO PLUS,2161481387,668251514,1-700-WALMART,N/A,
14,360,MS SS COFFEE DISPLAY,MS SS COFFEE DISPLAY,65577201640,658266551,1-700-WALMART,N/A,
14,360,MS 5C COFF MKR DSP,MS 5C COFF MKR DSP,489703051141,658406253,1-700-WALMART,N/A,
14,360,MS 12C COFF MKR DSP,MS 12C COFF MKR DSP,489703051283,658406237,1-700-WALMART,N/A,
14,360,MS 12C PRGM DISPLAY,MS 12C PRGM DISPLAY,489707455246,658406240,1-700-WALMART,N/A,
14,360,MS ICED COFF DISPLAY,MS ICED COFF DISPLAY,489707455346,655860953,1-700-WALMART,N/A,
14,360,40FT OMNI COFFEE AISLE MOD ONLY,VS D14 COFFEE AISLE MAIN DISPLAY SET,NA,NA,GNFR,100675413,
14,360,40FT OMNI COFFEE AISLE MOD ONLY,VS D14 OMNI 4FT RISER COFFEE AISLE,NA,NA,GNFR,100675414,
14,360,40FT OMNI COFFEE AISLE MOD ONLY,VS D14 SMALL FILLER PANELS COFFEE AISLE,NA,NA,GNFR,100675417,
14,360,40FT OMNI COFFEE AISLE MOD ONLY,VS D14 LARGE FILLER PANELS COFFEE AISLE,NA,NA,GNFR,100675491,
14,360,40FT OMNI COFFEE AISLE MOD ONLY,VS D14 MS SS COFFEE DISPLAY COFFEE AISLE,65577202388,667858791,Week 16 2025 Delete,Week 16 2025 Delete,
14,360,40FT OMNI COFFEE AISLE MOD ONLY,VS D14 MS 5 CUP COFFEE DISP COFFEE AISLE,489707455416,667587288,GNFR,100675467,
14,360,40FT OMNI COFFEE AISLE MOD ONLY,VS D14 MS 12C SWITCH DISPLY COFFEE AISLE,489707455415,667587302,GNFR,100675469,
14,360,40FT OMNI COFFEE AISLE MOD ONLY,VS D14 MS 12C PRGM DISPLAY COFFEE AISLE,489707455417,667587309,GNFR,100675471,
14,360,40FT OMNI COFFEE AISLE MOD ONLY,VS D14 KG KEXPRESS BL DSPLY COFFEE AISLE,61124738918,667303666,Week 16 2025 Delete,Week 16 2025 Delete,
14,360,40FT OMNI COFFEE AISLE MOD ONLY,VS D14 KG KEXPRESS RD DSPLY COFFEE AISLE,61124738920,667303653,GNFR,100675454,
14,360,40FT OMNI COFFEE AISLE MOD ONLY,VS D14 KG K-SLIM DISPLAY COFFEE AISLE,61124738580,667303665,Week 16 2025 Delete,Week 16 2025 Delete,
14,360,40FT OMNI COFFEE AISLE MOD ONLY,VS D14 KG KSUPREME DISPLAY COFFEE AISLE,61124738640,660187428,Week 16 2025 Delete,Week 16 2025 Delete,
14,360,40FT OMNI COFFEE AISLE MOD ONLY,VS D14 KCAFE ESSNTL DISPLAY COFFEE AISLE,61124739670,667303655,Week 16 2025 Delete,Week 16 2025 Delete,
14,360,40FT OMNI COFFEE AISLE MOD ONLY,VS D14 KEU K-ICED DSP COFFEE AISLE,61124739949,667303654,GNFR,100691367,
14,360,40FT OMNI COFFEE AISLE MOD ONLY,VS D14 KEURIG K-ELITE DS23 COFFEE AISLE,61124736970,667303667,GNFR,100693378,
14,360,40FT OMNI COFFEE AISLE MOD ONLY,VS D14 KG EXPRS NAVY DISPLY COFFEE AISLE,61124740395,666913038,GNFR,100703904,
14,360,40FT OMNI COFFEE AISLE MOD ONLY,VS D14 KDUO UPDATE DISPLAY COFFEE AISLE,61124740176,667927754,GNFR,100703841,
14,360,40FT OMNI COFFEE AISLE MOD ONLY,VS D14 KG BREW N CHILL DISP COFFEE AISLE,61124740404,670224210,GNFR,100710049,
14,360,40FT OMNI COFFEE AISLE MOD ONLY,VS D14 NINJA CM300 DISPLAY COFFEE AISLE,62235657767,667290701,GNFR,100675464,
14,360,40FT OMNI COFFEE AISLE MOD ONLY,VS D14 NINJA DB CFP300 DSPL COFFEE AISLE,62235657989,667290699,GNFR,100675465,
14,360,40FT OMNI COFFEE AISLE MOD ONLY,VS D14 NINJA CE250 BREW DISP COFFEE AISL,62235659685,667290700,GNFR,100691718,
14,360,40FT OMNI COFFEE AISLE MOD ONLY,VS D14 MC 5CUP COFFEE DISP COFFEE AISLE,5389117695,667929455,Week 16 2025 Delete,Week 16 2025 Delete,
14,360,40FT OMNI COFFEE AISLE MOD ONLY,VS D14 MC 12C SWITCH BLK DSP COFFEE AISL,5389117694,667929607,Week 16 2025 Delete,Week 16 2025 Delete,
14,360,40FT OMNI COFFEE AISLE MOD ONLY,VS D14 MC 12C COFFEE DISPLY COFFEE AISLE,5389117693,667929877,Week 16 2025 Delete,Week 16 2025 Delete,
14,360,40FT OMNI COFFEE AISLE MOD ONLY,VS D14 MC FRAP OMNI DISPLAY COFFEE AISLE,5389117691,667929414,GNFR,100691980,
14,360,40FT OMNI COFFEE AISLE MOD ONLY,VS D14 MC 12C SPDBRW SLT DS23 COFF AISLE,5389117692,667929915,GNFR,100693372,
14,360,40FT OMNI COFFEE AISLE MOD ONLY,VS D14 MRC STEAM ESPRSO DSP COFFEE AISLE,5389117820,670123952,GNFR,100710081,
14,360,40FT OMNI COFFEE AISLE MOD ONLY,VS D14 CN 12C BLK DISPLAY COFFEE AISLE,8627923488,667946525,GNFR,100675478,
14,360,40FT OMNI COFFEE AISLE MOD ONLY,VS D14 CN PRF TEMP 14C DISP COFFEE AISLE,8627920362,660155282,GNFR,100703843,
14,360,40FT OMNI COFFEE AISLE MOD ONLY,VS D14 BF 14C TOUCH DISPLAY COFFEE AISLE,82948619556,667196836,GNFR,100675479,
14,360,40FT OMNI COFFEE AISLE MOD ONLY,VS D14 BF ESPRESSO DISPLAY COFFEE AISLE,82948619555,667141616,GNFR,100703902,
14,360,40FT OMNI COFFEE AISLE MOD ONLY,VS D14 BF PRF GRIND SS DISP COFFEE AISLE,82948619554,667141615,GNFR,100703844,
14,360,40FT OMNI COFFEE AISLE MOD ONLY,VS D14 NS VERTURO POP DISPL COFFEE AISLE,4438700904,667944756,GNFR,100693377,
14,360,40FT OMNI COFFEE AISLE MOD ONLY,VS D14 NESPRES NEXT DISPLAY COFFEE AISLE,4438771205,668323309,GNFR,100703901,
14,360,40FT OMNI COFFEE AISLE MOD ONLY,VS D14 NS VERTUROPLUS DISP COFFEE AISLE,2161481387,668251514,GNFR,100704069,
14,360,40FT OMNI COFFEE AISLE MOD ONLY,VS D14 CM ESPRESSO DISPLAY COFFEE AISLE,81008784944,670204930,GNFR,100703903,
14,360,40FT OMNI COFFEE AISLE MOD ONLY,VS D14 CM ESPR WGRINDR DISP COFFEE AISLE,81008784792,667145734,GNFR,100710080,
14,360,40FT OMNI COFFEE AISLE MOD ONLY,VS D14 HB FLEXBREW UPD DISP COFFEE AISLE,4009495551,666855844,GNFR,100703842,
14,380,AR 8C RICE SS NWD,VS D14 DISPLAY AR 8C RICE SS NWD,2124113914,551991571,GNFR,100637111,
14,380,AR 20C RICE SS NWD,VS D14 DISPLAY AR 20C RICE SS NWD,2124113150,551991573,GNFR,100637113,
14,380,AR PRO RICE CKR NWD,VS D14 DISPLAY AR PRO RICE CKR DSP,2124131240,657299735,GNFR,100692168,
14,380,AR 20C RICE WH NWD,VS D14 DISPLAY AR 20C RICE WH NWD,2124140390,659080124,GNFR,100699046,
14,380,AR 6C RICE CKR NWD,VS D14 DISPLAY AR 6C RICE CKR NWD,2124140393,659080125,GNFR,100699047,
14,380,CP 4QT SLW CKR NWD,VS D14 DISPLAY CP 4QT SLW CKR NWD,5389114500,581659256,GNFR,100637180,
14,380,CP 7QT SLW CKR NWD,VS D14 DISPLAY CP 7QT SLW CKR NWD BLACK,5389115207,581935351,GNFR,100653929,
14,380,CP 8QT SLW CKR NWD,VS D14 DISPLAY CP 8QT SLW CKR DSP,5389117398,657259505,GNFR,100692169,
14,380,CP 7Q SLWCK NWD GRAY,VS D14 DISPLAY CP 7QT SLW CKR DSP GRAY,5389117399,657296455,GNFR,100692370,
14,380,GF SMKLESS GRILL NWD,VS D14 DISPLAY GF SMKLESS GRILL NWD,2704399796,578275874,GNFR,100656837,
14,380,GF 4 SERV GRILL NWD,VS D14 DISPLAY GF 4 SERV GRILL NWD,2704300113,651283086,GNFR,100684544,
14,380,GF BEYOND GRILL NWD,VS D14 DISPLAY GF BEYOND GRILL,2704300116,651412319,GNFR,100684545,
14,380,GF 2 SERV GRILL NWD,VS D14 DISPLAY GF 2 SERV GRILL BLACK NWD,2704300297,667292811,GNFR,100704413,
14,380,COSORIAIRFRYERDSPLY,VS D14 DISPLAY COSORIAIRFRYERDSPLY,81004337788,652256366,Item Swap Week 5 2025,Item Swap Week 5 2025,
14,380,COSORI RICE COOK NWD,VS D14 DISPLAY COSORI RICE COOK NWD,81012367076,659556401,Week 19 2025 Delete,Week 19 2025 Delete,
14,380,HB 6Q SLWCKR DEF NWD,VS D14 DISPLAY HB 6Q SLWCKR DEF NWD,4009495539,666789036,GNFR,100704419,
14,380,CUCKOO 12C RICE NWD,VS D14 DISPLAY CUCKOO 12C RICE DSP,19685281413,657174500,GNFR,100693503,
14,380,INP 7QT PRESSURE NWD,VS D14 DISPLAY INP 7QT PRESSURE NWD,81010226517,667888110,GNFR,100707494,
14,380,PRST 5Q DFRYER NWD,VS D14 DISPLAY PRST 5Q DFRYER NWD,7574119620,566579238,GNFR,100637119,
14,380,"PRST 12"" SKILLET NWD","VS D14 DISPLAY PRST 12"" SKILLET NWD",7574119640,661045249,GNFR,100699034,
14,380,PRST 1.7Q DFRYER NWD,VS D14 DISPLAY PRST 1.7Q DFRYER NWD,7574119638,661045250,GNFR,100699035,
14,380,PRST 2.7Q DFRYER NWD,VS D14 DISPLAY PRST 2.7Q DFRYER NWD,7574119639,661045251,GNFR,100699036,
14,380,"PRST 16"" SKILLET NWD","VS D14 DISPLAY PRST 16"" SKILLET NWD",7574119636,666680119,GNFR,100704417,
14,380,PRST GRIDDLE NWD,VS D14 DISPLAY PRST GRIDDLE NWD,7574119635,667127023,GNFR,100704418,
14,380,GOURM 4QT AIRFRY NWD,VS D14 DISPLAY GOURM 4QT AIRFRY NWD,81000286422,659880557,GNFR,100699267,
14,380,CHEF PANIN GRILL NWD,VS D14 DISPLAY CHEFMAN PANINI DISPL,81008784491,655534291,GNFR,100692354,
14,380,CHEF ELEC GRILL NWD,VS D14 DISPLAY CHEF ELEC GRILL NWD,81008784534,659322920,Week 19 2025 Delete,Week 19 2025 Delete,
14,380,CHEFMAN 5Q AIRFR NWD,VS D14 DISPLAY CHEFMAN 5Q AIRFR NWD,81008784825,667294050,Week 19 2025 Delete,Week 19 2025 Delete,
14,380,CHEFMN 12Q AIRFR NWD,VS D14 DISPLAY CHEFMN 12Q AIRFR NWD,81008784786,667294056,GNFR,100704363,
14,380,NINJA AIRFRY 6QT NWD,VS D14 DISPLAY NINJA AIRFRY 6QT NWD,62235664029,667224154,GNFR,100704359,
14,380,GOUR 4.5Q SLWCK NWD,VS D14 DISPLAY GOUR 4.5Q SLWCK NWD,81000286635,671525714,GNFR,100713321,
14,380,MS 2QT SLW CKR NWD,MS 2QT SLW CKR NWD,65577202215,657326072,1-700-WALMART,N/A,
14,380,MS 6QT SLW CKR NWD,MS 6QT SLW CKR NWD,65577202216,657326058,1-700-WALMART,N/A,
14,380,MS 4L DEEP FRYER NWD,MS 4L DEEP FRYER NWD,65577202357,667289137,1-700-WALMART,N/A,
14,380,PW SLWCKR SPECKL NWD,PW SLWCKR SPECKL NWD,65577202382,667294008,1-700-WALMART,N/A,
14,380,MS 20IN GRIDDLE NWD,MS 20IN GRIDDLE NWD,84014612341,582640337,1-700-WALMART,N/A,
14,380,MS 2.2QT AIRFRYR NWD,MS 2.2QT AIRFRYR NWD,84014622404,652256694,1-700-WALMART,N/A,
14,380,MS 1.9L DEEP FRY NWD,MS 1.9L DEEP FRY NWD,85005791030,667293916,1-700-WALMART,N/A,
14,380,FW CRMC GRIDDLE NWD,FW CRMC GRIDDLE NWD,692249579708,575499584,1-700-WALMART,N/A,
14,380,"MS 12"" RD SKILET NWD","MS 12"" RD SKILET NWD",692249579709,659608135,1-700-WALMART,N/A,
14,380,PW 6Q PRESSUR WH NWD,PW 6Q PRESSUR WH NWD,697689347003,667885821,1-700-WALMART,N/A,
14,380 & 391,BTFL 6Q AIRFRY W NWD,VS D14 DISPLAY BTFL 6Q AIRFRY W NWD,82948619153,650112040,GNFR,100686542,
14,380 & 391,BTFL 6Q SLW CKR NWD,VS D14 DISPLAY BTFL 6Q SLW CKR NWD,82948619205,652257159,GNFR,100686546,
14,380 & 391,BTFL SKILLET WH NWD,VS D14 DISPLAY BTFL SKILLET WH NWD,82948619183,652257160,Week 19 2025 Delete,Week 19 2025 Delete,
14,380 & 391,BTFL GRIDDLE WH NWD,VS D14 DISPLAY BTFL GRIDDLE WH NWD,82948619182,652257161,GNFR,100686548,
14,380 & 391,BTFL 3Q AIRFRY NWD,VS D14 DISPLAY BTFL 3Q AIRFRY NWD,82948619533,666792224,GNFR,100704402,
14,380 & 391,POWER 8QT AIRFRY NWD,VS D14 DISPLAY POWER 8QT AIRFRY NWD,75235683927,652255737,GNFR,100685431,
14,380 & 391,PXL ELITE GRILL NWD,VS D14 DISPLAY PXL GRILL ELITE NWD,75235683956,655758313,GNFR,100692352,
14,380 & 391,POWER 6QT AIRFRY NWD,VS D14 DISPLAY POWER 6QT AIRFRY NWD,2704300250,659485635,GNFR,100699066,
14,380 & 392,INP 5QT AIRFRYER NWD,D14 DISPLAY INP 5QT AIRFRYER NWD,81010226036,653143375,Week 19 2025 Delete,Week 19 2025 Delete,
14,380 & 392,INP 7Q MULTCOOKR NWD,VS D14 DISPLAY INP 7Q MULTCOOKR NWD,81010226371,659302574,GNFR,100699013,
14,380 & 392,INP 6Q SL AIRFRY NWD,VS D14 DISPLAY INP 6Q SL AIRFRY NWD,81010226400,659302575,Week 19 2025 Delete,Week 19 2025 Delete,
14,380 & 392,INP 8Q PRESSURE NWD,VS D14 DISPLAY INP 8Q PRESSURE NWD,81010226403,659302576,GNFR,100699015,
14,380 & 392,INP 6Q PRESSURE NWD,VS D14 DISPLAY INP 6Q PRESSURE NWD,81010226402,659302577,GNFR,100699016,
14,380 & 392,NINJA 8Q AIRFRY NWD,VS D14 DISPLAY NINJA 8Q AIRFRY NWD,62235656439,581546851,GNFR,100661746,
14,380 & 392,NINJA 6Q PRESSUR NWD,VS D14 DISPLAY NINJA 6Q PRESSR OS300 NWD,62235658827,598304341,GNFR,100677610,
14,380 & 392,NINJA POSS MULTI NWD,VS D14 DISPLAY NINJA POSS MULTI NWD,62235659787,652260042,GNFR,100683439,
14,380 & 392,NINJA OVEN MULTI NWD,VS D14 DISPLAY NINJA OVEN MULTI NWD,62235661752,659492527,GNFR,100693873,
14,380 & 392,NINJA AIRFRYR 5Q NWD,VS D14 DISPLAY NINJA AIRFRYR 5Q NWD,62235663748,667224155,GNFR,100704420,
14,380 & 392,NINJA 10Q AIRFRY NWD,VS D14 DISPLY NINJA 10Q AIRFRY SL400 NWD,62235663747,667224156,GNFR,100704421,
14,380 & 392,NINJA COMP MULTI NWD,VS D14 DISPLAY NINJA COMP MULTI NWD,62235661998,666680865,GNFR,100704422,
14,380 & 393,NINJ FOODI GRILL NWD,VS D14 DISPLAY NINJA FOODI GRILL NWD,62235655877,575359038,GNFR,100651924,
14,380 & 393,NINJA SIZZ GRILL NWD,VS D14 DISPLAY NINJA SIZZ GRILL NWD,62235661732,659542292,GNFR,100693870,
14,801,HV BUNDLE DISPLAY,VS D74 DISPLAY HV BUNDLE NWD,7350205346,670863271,GNFR,100710055,
14,801,HV TERRAIN DISPLAY,VS D74 DISPLAY HV TERRAIN NWD,7350205304,670863270,GNFR,100710054,
14,801,HV 20V CSNWD,VS D74 DISPLAY HV 20V CSNWD,7350205239,655653659,GNFR,100689001,
14,801,DUBH53610VWM,VS D74 DISPLAY HV ONE POWER EMERGE NWD,7350205303,666877012,GNFR,100703830,
14,801,HOOVER TREND POD BACKER PAPER,VS D74 DISPLAY TREND POD BACKER C801,NA,NA,GNFR,100712995,
14,801,HOOVER TREND POD ACRYLC STAND,VS D74 DISP ACRYLIC STAND TREND POD C801,NA,NA,GNFR,100712996,
19,65,Vinyl-Iron On Black PDQ,VS D19 PDQ VINYL IRON-ON BLACK,NA,NA,GNFR,100701799,
19,65,Vinyl-Iron On White PDQ,VS D19 PDQ VINYL IRON-ON WHITE,NA,NA,GNFR,100701890,
19,65,Vinyl-Permanent Black PDQ,VS D19 PDQ VINYL-PERMANENT BLACK,NA,NA,GNFR,100701891,
19,65,Vinyl-Permanent White PDQ,VS D19 PDQ VINYL-PERMANENT WHITE,NA,NA,GNFR,100701892,
19,65,Vinyl-Transfer Tape 3ft PDQ,VS D19 PDQ VINYL-TRANSFER TAPE 3FT,NA,NA,GNFR,100701893,
19,65,Vinyl-Transfer Tape Bulk PDQ,VS D19 PDQ VINYL-TRANSFER TAPE BULK,NA,NA,GNFR,100701894,
19,65,Vinyl-40pc Variety Pack PDQ,VS D19 PDQ VINYL-40PC VARIETY PACK,NA,NA,GNFR,100701895,
19,75,D19 WIRE RACK 32 SLOT FOR PAPER,VS D19 WIRE RACK 32 SLOT FOR PAPER CRAFT,NA,NA,contact bbates@gartnerstudios.com,NA,
19,75,KRAFT PAPER ROLL PDQ,KRAFT PAPER ROLL PDQ,NA,NA,1-700-WALMART,NA,
19,75,3M PAPER CRAFTING POUCHES PDQ,3M PAPER CRAFTING POUCHES PDQ,NA,NA,1-700-WALMART,NA,
19,80,BEAD RACK,VS D19 RACK WIRE 5 PRONG FOR BEADS,NA,NA,GNFR,100640630,
19,80,JEWELRY BLACK BACKER PAPER,VS D19 DISPLAY JEWELRY BLACK BACKER PPR,NA,NA,GNFR,100646616,
19,80,8FT MOD HEMP CORD PDQ,VS D19 HEMP CORD PDQ SMALL,NA,NA,GNFR,100656791,
19,80,12FT/16FT MOD HEMP CORD PDQ,VS D19 HEMP CORD PDQ MED,NA,NA,GNFR,100656792,
19,80,20FT MOD HEMP CORD PDQ,VS D19 HEMP CORD PDQ LARGE,NA,NA,GNFR,100656878,
19,80,24FT/HILT MOD HEMP CORD PDQ,VS D19 HEMP CORD PDQ XL,NA,NA,GNFR,100656876,
19,80,LEATHER AND SUEDE CORD PDQ,VS D19 SUEDE LEATHER PDQ,NA,NA,GNFR,100656877,
19,80,ONE DOLLAR PLASTIC PDQ,VS D19 PDQ $1.44 EMPTY,NA,NA,GNFR,100657545,
19,80,GIFT BOX PDQ,VS D19 PDQ GIFT BOX EMPTY,19164815023,661668252,GNFR,100693828,
19,80,BEAD KEEPER PDQ,VS D19 PDQ BEAD KEEPER 2185 EMPTY,NA,NA,GNFR,100693875,
19,80,SMALL BEAD KEEPER PDQ,VS D19 PDQ SMALL BEAD KEEPER 2173 EMPTY,NA,NA,GNFR,100693876,
19,80,12 UNIT STORAGE BOX EMPTY,VS D19 PDQ 12 UNIT STORAGE BOX EMPTY,NA,NA,GNFR,100693879,
19,80,CONTAINER IN BOX,VS D19 PDQ 21 COMPARTMENT BOX EMPTY,NA,NA,GNFR,100694241,
19,80,70MM ROUND CADDY EMPTY,VS D19 PDQ 70MM ROUND CADDY EMPTY,NA,NA,GNFR,100694243,
19,80,28 UNIT STORAGE BOX EMPTY,VS D19 PDQ 28 UNIT STORAGE BOX EMPTY,NA,NA,GNFR,100694244,
19,85,DARICE WOOD TRAY,VS D19 PDQ HH UNPAINTED SHAPES EMPTY,NA,NA,GNFR,100674913,
19,85,HH 4OZ GLITTER SHAKER PDQ,VS D19 PDQ HH 4OZ GLITTER SHAKER,NA,NA,GNFR,100680212,
19,85,HH LARGE WOOD SHAPES PDQ,VS D19 PDQ HH LARGE WOOD SHAPES,NA,NA,GNFR,100680220,
19,85,HH WOOD DOWEL PDQ,VS D19 PDQ HH WOOD DOWEL,NA,NA,GNFR,100680221,
19,85,15 IN SUNCATCHER PDQ,VS D19 PDQ HH SUNCATCHER 15IN EMPTY,NA,NA,GNFR,100708225,
19,110,POLYMER CLAY RACK,POLYMER CLAY RACK,NA,NA,Contact sbrown@artskills.com,NA,
19,110,3 TIER GLITTER RACK,3 TIER GLITTER RACK,NA,NA,Email info@advantus.com,NA,
19,110,UNPAINTED SHAPES PDQ,VS D19 PDQ UNPAINTED CRAFTING SHAPES,NA,NA,GNFR,100674736,
19,110,5IN LETTER DISPLAY PDQ,VS D19 PDQ 5IN LETTER DISPLAY EMPTY,NA,NA,GNFR,100674773,
19,110,8IN LETTER PDQ - order qty 2 for full display,VS D19 HALF PDQ DISPLAY 8IN LETTERS 2=1,NA,NA,GNFR,100629089,
19,110,PAINT TRAYS - FULL 12FT MOD SET,VS D19 DISP PAINT TRAY SET 2024 12FT,NA,NA,GNFR,100661369,
19,110,PAINT TRAYS - FULL 16FT MOD SET,VS D19 DISP PAINT TRAY SET 2024 16FT,NA,NA,GNFR,100661368,
19,110,PAINT TRAYS - FULL SET FOR 20FT & 24FT MODS,VS D19 DISP PAINT TRAY SET 2024 20-24FT,NA,NA,GNFR,100661400,
19,110,PAINT TRAYS - FULL SET FOR 28FT & 32FT & 36FT MODS,VS D19 DISP PAINT TRAY SET 2024 28-36FT,NA,NA,GNFR,100661381,
19,110,PAINT TRAYS - FULL SET FOR 40FT & 44FT MODS,VS D19 DISP PAINT TRAY SET 2024 40-44FT,NA,NA,GNFR,100661367,
19,110,PAINT TRAYS - FULL SET FOR 48FT & 52FT MODS,VS D19 DISP PAINT TRAY SET 2024 48-52FT,NA,NA,GNFR,100650467,
19,110,PLAID TAG RESIN MOLD PDQ,VS D19 PDQ RESIN TAG MOLD EMPTY,NA,NA,GNFR,100704546,
19,110,PLAID 3PC RESIN COASTER MOLDS PDQ,VS D19 PDQ RESIN COASTER MOLD EMPTY,NA,NA,GNFR,100704547,
19,110,PLAID MURANO PAINT TRAY,VS D19 PLAID FA MURANO PAINT TRAY EMPTY,NA,NA,GNFR,100704548,
19,111,STITCHERY PATTERNS 16 POCKET PDQ,STITCHERY PATTERNS 16 POCKET PDQ,NA,NA,1-700-WALMART,NA,
19,111,RED HEART AMIGURUMI 24IN PDQ,VS D19 PDQ REDHEART AMIGURUMI 24IN EMPTY,NA,NA,GNFR,100708423,
19,111,RED HEART AMIGURUMI 48IN PDQ,VS D19 PDQ REDHEART AMIGURUMI 48IN EMPTY,NA,NA,GNFR,100708424,
19,111,PLAID CROCHET 24IN PDQ,VS D19 PDQ PLAID CROCHET 24IN EMPTY,NA,NA,GNFR,100708572,
19,220,4OZ DIVIDERS,VS D19 TRAY LINER PUFFY 4OZ 17 SLOT,NA,NA,GNFR,100629070,
19,220,PUFFY PAINT 1OZ 12 SLOT,VS D19 TRAY LINER PUFFY PAINT 1OZ 12SLOT,NA,NA,GNFR,100629071,
19,220,TULIP DYE POD PDQ,VS D19 PDQ TULIP DYE POD EMPTY,NA,NA,GNFR,100708484,
19,220,GILDAN TSHIRT PDQ YTH,VS D19 PDQ GILDAN YOUTH COTTON CREW D473,NA,NA,GNFR,100705576,
19,220,GILDAN TSHIRT PDQ SM,VS D19 PDQ GILDAN ADLT COTTONCRW SM D468,NA,NA,GNFR,100705923,
19,220,GILDAN TSHIRT PDQ MED,VS D19 PDQ GILDAN ADLT COTTONCRW MD D469,NA,NA,GNFR,100706357,
19,220,GILDAN TSHIRT PDQ LRG,VS D19 PDQ GILDAN ADULT COTTON LRG D470,NA,NA,GNFR,100706358,
19,220,GILDAN TSHIRT PDQ XL,VS D19 PDQ GILDAN ADULT COTTON XLRG D471,NA,NA,GNFR,100706359,
19,220,GILDAN TSHIRT PDQ 2XL,VS D19 PDQ GILDAN ADULT COTTON 2XL D472,NA,NA,GNFR,100706440,
19,220,VNDR D19-B&CPDQ,BELLA + CANVAS PDQ,NA,NA,1-700-WALMART,NA,
19,220,VNDR D19-CHENILL,CHENILLE LETTER PDQ,NA,NA,Walmartsupport@lbuinc.com,NA,
19,372,COATS & CLARK ID STRIPS,VS D19 4FT MOD THREAD ZIPPER FIX MKRS,NA,NA,GNFR,100673741,
19,372,COATS & CLARK ID STRIPS,VS D19 8FT MOD THREAD ZIPPER FIX MKRS,NA,NA,GNFR,100673742,
19,372,COATS & CLARK ID STRIPS,VS D19 8FT TEST STORES ZIPPER FIXT MKR,NA,NA,GNFR,100673845,
19,372,COATS & CLARK ID STRIPS,VS D19 ZIPPER PULL DISPLAY 4FT SEWCENTER,NA,NA,GNFR,100675168,
19,372,COATS & CLARK ID STRIPS,VS D19 ZIPPER PULL DISPLAY 8FT SEWCENTER,NA,NA,GNFR,100675169,
19,372,COATS & CLARK ID STRIPS,VS D19 DOLLAR ZIPPER DISP 4FT SEWCENTER,NA,NA,GNFR,100675270,
19,372,COATS & CLARK ID STRIPS,VS D19 DOLLAR ZIPPER DISP 8FT SEWCENTER,NA,NA,GNFR,100675271,
19,372,COATS & CLARK HEADER,VS D19 THREAD HDR SIGN 4FT_8FT SEW CENTR,NA,NA,GNFR,100675272,
19,372,COATS & CLARK HEADER,VS D19 ZIPPER HEADER SIGN 4FT SEW CENTER,NA,NA,GNFR,100675273,
19,372,COATS & CLARK HEADER,VS D19 ZIPPER HEADER SIGN 8FT SEW CENTER,NA,NA,GNFR,100675274,
19,375,RIT DYE RACK,VS D19 DISPLAY WIRE RACK RIT DYE,NA,NA,GNFR,100629091,
19,375,COATS & CLARK ID STRIPS,VS D19 NOTIONS MOD THRD ZIPPR FIX MKRS,NA,NA,GNFR,100673743,
19,375,VELCRO SIGNHOLDER & GRAPHIC (28ft mods only),VS D19 VELCRO GRAPHIC HOLDER W/ GRAPHIC,NA,NA,GNFR,100705053,
19,375,VELCRO GRAPHIC ONLY (28ft mods only),VS D19 VELCRO 48IN X 8IN GRAPHIC ONLY,NA,NA,GNFR,100705054,
19,375,Dritz Elastic 32.5 in. PDQ,VS D19 PDQ ELASTIC 32.50IN EMPTY,NA,NA,GNFR,100703273,
19,375,Dritz Elastic 44.25 in. PDQ,VS D19 PDQ ELASTIC 44.25IN EMPTY,NA,NA,GNFR,100703274,
19,405,BIRCH LOG PDQ,D19 PDQ BIRCH LOG EMPTY,NA,NA,email purchasing@naturalpackinc.com,NA,
19,405,MESH PDQ,MESH PDQ,NA,NA,1-700-WALMART,NA,
19,405,FLORAL 4 SLOT DRIED STEMS PDQ,FLORAL 4 SLOT DRIED STEMS PDQ,NA,NA,email sandy@burgessgrp.com,NA,
19,507,A FRAME,VS D19 RACK FABRICS VINYL,NA,NA,GNFR,100630155,
71,ALL,"Starting WEEK 39, 2024 use",box stock for any missing/damaged displays,NA,NA,USE BOX STOCK,USE BOX STOCK,
74,10,BI SPINWAVE NWD,VS D74 DISPLAY BISSELL SPINWAVE,1112023889,556981290,GNFR,100635863,
74,10,VM200 DSP,VS D74 DISPLAY SHARK VACMOP 10IN NWD,62235658276,597145710,GNFR,100654329,
74,10 & 12 & 19,SH STEAM SCRBER NWD,VS D74 DISPLAY S7000 STEAM SCRUBBER,62235657089,587303678,GNFR,100667342,
74,11,BI REV HYDROSTEAM,VS D74 DISPLAY BI REV HYDROSTEAM NWD,1112026695,655625113,GNFR,100688438,
74,11,CW NWD,VS D74 DISPLAY LITTLE GREEN HYDROSTEAM,1112027186,662147259,GNFR,100694309,
74,11,HV CLEAN SL NWD,VS D74 DISPLAY HOOVER CLEANSLATE PORTBLE,7350204882,596233115,GNFR,100672969,
74,11,HV SWESS NWD,VS D74 DISPLAY HV SWESS NWD,7350205229,655653679,GNFR,100689000,
74,11,HV 20V CSNWD,VS D74 DISPLAY HV 20V CSNWD,7350205239,655653659,GNFR,100689001,
74,11,EXTRAC DSPEX150WMP,VS D74 DISPLAY SHARK DSPEX150WMP NWD,62235662277,661883354,GNFR,100695006,
74,11,STN STRKR DSPPX200,VS D74 DISPLAY SHARK DSPPX200WMP NWD,62235661408,661883362,GNFR,100695008,
74,11,BISELL FLOORCARE FIXTURE DISPLAY,VS D74 DISPLAY PDC DISPLAY 44IN,1112026620,596395924,GNFR,100670634,
74,11,POWERFORCE PET TURBO,VS D74 DISPLAY POWERFORCE PET TURBO NWD,1112027509,666888178,GNFR,100702071,
74,11,DUFD50310WM,VS D74 DISPLAY DD CARPET WASHER DISPLAY,4603498817,666835988,GNFR,100703828,
74,11,DUFH15010VWM,VS D74 DISPLAY HV CLEANSLATE SPOT NWD,7350205232,666836151,GNFR,100703831,
74,11,SPOTBOT PX250 DSPLAY,VS D74 DISPLAY SHARK SPOTBOT PX250 NWD,62235666273,671039421,GNFR,100710058,
74,11,SHARK EX300 DISPLAY,VS D74 DISPLAY SHARK EX300 NWD,62235664037,671039422,GNFR,100710059,
74,11 & 19,BI PFPB PET NWD,VS D74 DISPLAY BI TURBOCLEAN POWERBRUSH,1112025653,577932068,GNFR,100654969,
74,11 & 19,BI SPOTCLN PH NWD,VS D74 DISPLAY BISSELL SPOTCLEAN PORTBLE,1112023766,566579034,GNFR,100635872,
74,11 & 19,BI LITTLEGRN PRO NWD,VS D74 DISPLAY BISSELL LITTLE GREEN PRO,1112024704,568875057,GNFR,100641101,
74,11 & 19,HV POWER DASH NWD,VS D74 DISPLAY HOOVER POWER DASH,7350252189,573062664,GNFR,100646705,
74,11 & 19,BI LG NWD,VS D74 DISPLAY BISSELL LITTLE GREEN NWD,1112026531,597284286,GNFR,100674975,
74,11 & 19,BI REVOLUTION PT NWD,VS D74 DISPLAY BISSELL REV PET PRO NWD,1112023460,556969463,GNFR,100674976,
74,11 & 19,HV PS XL NWD,VS D74 DISPLAY HOOVER POWERSCRUB XL NWD,7350204857,599787410,GNFR,100678906,
74,11 & 19,BISELL FLOORCARE FIXTURE DISPLAY,VS D74 DISPLAY PDC DISPLAY 22IN,1112026636,596396632,GNFR,100673247,
74,11 & 19,POWERFORCE PET XL NW,VS D74 DISPLAY POWERFORCE PET XL NWD,1112027274,666888134,GNFR,100702072,
74,11 & 19,EXTRC SS DSPEX200WMP,VS D74 DISPLAY SHARK DSPEX200WMP NWD,62235662278,661883358,GNFR,100695007,
74,12,FLOOR ONE S2 NWD,VS D74 DISPLAY TINECO FLOOR ONE S2 NWD,19484610073,652142747,GNFR,100683779,
74,12,TINECO IFLOOR 2 NWD,VS D74 DISPLAY TINECO IFLOOR2 NWD,19484610033,594229884,GNFR,100672966,
74,12,SH STM PCKT MOP NWD,VS D74 DISPLAY SHARK SE460 NWD,62235654931,562989465,GNFR,100685896,
74,12,BI CROSSWAVE HS NWD,VS D74 DISPLAY BI CROSSWAVE HS NWD,1112027062,654094346,GNFR,100685957,
74,12,BI CROSSWAVE HF3 NWD,VS D74 DISPLAY BISSELL CROSSWAVE HF3 NWD,1112027113,652993876,GNFR,100683844,
74,12,BI POWERFRESH NWD,VS D74 DISPLAY POWERFRESH STEAM MOP,1112025964,587114826,GNFR,100667491,
74,12,HV WASHVAC DISPLAY,VS D74 DISPLAY HV WASHVAC DISPLAY,7350205240,655679466,GNFR,100689074,
74,12,WD160 VC DSP,VS D74 DISPLAY SHARK WD160 DISPLAY,62235664611,667827234,GNFR,100704429,
74,12,SHK DSPWD260WMP,VS D74 DISPLAY SHARK WD260 DISPLAY,62235664612,667815325,GNFR,100704460,
74,12 & 19,BI CROSSWAVE PET NWD,VS D74 DISPLAY BISSELL CROSSWAVE PET,1112024366,566579033,GNFR,100635871,
74,12 & 19,SH 3D COMPLETE NWD,VS D74 DISPLAY SHARK VACMOP 10IN NWD,62235656228,578189561,GNFR,100654329,
74,12 & 19,CROSSWAVE HARD FLOOR,VS D74 DISPLAY CROSSWAVE HARD FLOOR NWD,1112027459,661521189,GNFR,100694308,
74,13,BI PF BAGGED NWD,VS D74 DISPLAY BISSELL PF BAGGED,1112023364,555597974,GNFR,100635856,
74,13,BI SWIVEL REWIND NWD,VS D74 DISPLAY BISSELL SWIVEL REWIND,1112024258,568875059,GNFR,100635857,
74,13,BI PF CMP TURBO NWD,VS D74 DISPLAY BISSELL PF COMPACT TURBO,1112025029,572764062,GNFR,100646697,
74,13,DD POWER MAX NWD,VS D74 DISPLAY DD POWER MAX NWD,4603490499,655653673,GNFR,100689002,
74,13,DD MS PET NWD,VS D74 DISPLAY DD MS PET NWD,4603490460,655653661,GNFR,100689907,
74,13,DD MS REACH NWD,VS D74 DISPLAY DD MS REACH NWD,4603490457,655653663,GNFR,100695948,
74,13 & 17,BI PHE TURBO NWD,VS D74 DISPLAY BISSELL PHE TURBO,1112024656,568875056,GNFR,100641102,
74,13 & 17,BI PL PT LIFTOFF NWD,VS D74 DISPLAY BI PL PT LIFTOFF NWD,1112025874,583077472,GNFR,100661384,
74,13 & 17,BI PL PET REWIND NWD,VS D74 DISPLAY BI PL PET REWIND NWD,1112026659,655528570,GNFR,100688490,
74,13 & 17,HV WT DISPLAY,VS D74 DISPLAY HV WT DISPLAY,7350205236,657956263,GNFR,100689923,
74,13 & 17,HV PWRDRV XL PT NWD,VS D74 DISPLAY HOOVER SWIVEL PET NWD,7350204761,595738165,GNFR,100672968,
74,13 & 17 & 19,DD REWIND DISPLAY,VS D74 DISPLAY DD REWIND NWD,4603498800,662109283,GNFR,100695947,
74,13 & 19,BI PL SWIVEL PET NWD,VS D74 DISPLAY BISSELL PL SWIVEL PET,1112024264,568875060,GNFR,100635843,
74,13 & 19,PF COMPACT NWD,VS D74 DISPLAY BISSELL PF COMPACT,1112022794,553828018,GNFR,100635866,
74,13 & 19,BISSELL DISP,VS D74 DISPLAY BI PF NWD,1112026452,654955625,GNFR,100688837,
74,13 & 19,BI PF HELIX TRB NWD,VS D74 DISPLAY BI PF HELIX TRB NWD,1112026909,654980930,GNFR,100688838,
74,13 & 19,BI PF HLX RW NWD,VS D74 DISPLAY BI PF HLX RW NWD,1112026908,654981005,GNFR,100688839,
74,13 & 19,DD EXP NWD,VS D74 DD EXP DISPLAY,4603490842,596810229,GNFR,100635906,
74,13 & 19,DD MULTISURFACE NWD,VS D74 DISPLAY DD MULTI SURFACE NWD,4603490454,655653658,GNFR,100695946,
74,14,BI VAC ACCESSORY NWD,VS D74 GV/FEBREZE ACCESSORY DISPLAY,1112025930,579204699,GNFR,100657427,
74,15,DSPHV370WMP,VS D74 SH HV370 NWD DISPLAY,62235659094,599493155,GNFR,100677917,
74,15,DSPHZ3000WMP,VS D74 DISPLAY SHARK STRATOS CORDED NWD,62235659130,652948237,GNFR,100683799,
74,15,DSPIZ840HWM,VS D74 DISPLAY SHARK DSPIZ840HWM,62235659268,651903469,GNFR,100683125,
74,15,DSPHZ700WMP,VS D74 DISPLAY SHARK DSPHZ700WMP NWD,62235660612,655614767,GNFR,100688858,
74,15,DSPSV1114WMP,VS D74 DISPLAY SHARK DSPSV1114WMP,62235660675,655679406,GNFR,100688981,
74,15,CRDLSAE DSPIW3120WMP,VS D74 DISPLAY SHARK IW3120 NWD,62235661237,662020743,GNFR,100695997,
74,15,DSPBU3120WMP DISPLAY,VS D74 DISPLAY SHARK DSPBU3120WMP NWD,62235663916,666856444,GNFR,100703835,
74,15,DSPIZ560HWMP DISPLAY,VS D74 DISPLAY SHARK DSPIZ560HWMP NWD,62235663836,666849274,GNFR,100703905,
74,15,HART STICK NWD,VS D74 DISPLAY HART STICK VACUUM NWD,84009260105,595762048,GNFR,100673010,
74,15,HR BLSTICK NWD,VS D74 DISPLAY HR BLSTICK GEN 2 NWD,84009261203,662003233,GNFR,100695716,
74,15,BISSELL 3-IN-1 & POW,VS D74 DISPLAY BISSELL POWERLIFTER/3N1,1112027196,654170708,GNFR,100646695,
74,15,DUBD57010V,VS D74 DISPLAY DD CORDLESS STICK NWD,4603498822,666877011,GNFR,100703829,
74,15,DUBH53610VWM,VS D74 DISPLAY HV ONE POWER EMERGE NWD,7350205303,666877012,GNFR,100703830,
74,15,S10 ZT NWD,VS D74 DISPLAY S10 ZT NWD,19484600253,655613101,GNFR,100688937,
74,15 & 19,PWRH11 NWD,VS D74 DISPLAY PWRH11 ZT NWD,19484600254,655596459,GNFR,100688938,
74,15 & 19,PL TRB STICK NWD,VS D74 DISPLAY POWERLIFTER TURBO NWD,1112027353,661664071,GNFR,100694524,
74,15 & 19,IZ340HDSP,VS D74 SH IZ340H NWD DISPLAY,62235659067,599624111,GNFR,100677918,
74,15 & 19,DSPIX140H NWD,VS D74 DISPLAY SHARK DSPIX140H DSP,62235658035,595560807,GNFR,100671895,
74,15 & 19,DSPIZ240WMP DISPLAY,VS D74 DISPLAY SHARK DSPIZ240WMP NWD,62235663835,666809820,GNFR,100703833,
74,15 & 19,DSPHV200WMP DISPLAY,VS D74 DISPLAY SHARK DSPHV200WMP NWD,62235663871,666828758,GNFR,100703834,
74,15 & 19,A10-D PLUS NWD,VS D74 DISPLAY A10-D PLUS NWD,19484600252,655596163,GNFR,100688936,
74,15 & 19,SHARK IP1250 DISPLAY,VS D74 DISPLAY SHARK IP1250 NWD,62235666558,670977380,GNFR,100710057,
74,16,DSPRV2300SWMP,VS D74 DISPLAY SHARK DSPRV2300SWMP NWD,62235660574,655678058,GNFR,100688856,
74,16,DSPRV2400WDWM,VS D74 DISPLAY SHARK RV2400WD NWD,62235659403,656199538,GNFR,100688982,
74,16,SH RBT DSPRV2400WSWM,VS D74 DISPLAY SHARK DSPRV2400WSWM NWD,661842080,100695999,GNFR,100695999,
74,16,EUFY L50 LIDAR NWD,D74 DISPLAY EUFY ROBOT VAC L50 NWD,19464413611,661903242,Week 33 2025 Delete,Week 33 2025 Delete,
74,16,EUFY L50+ SE NWD,D74 DISPLAY EUFY ROBOT VAC L50+ NWD,19464413625,661903243,Week 33 2025 Delete,Week 33 2025 Delete,
74,16,YEEDI VAC DISPLAY,VS D74 DISPLAY ECOVACS YEEDI VAC NWD,85003539581,662044401,GNFR,100696012,
74,16,S1PRO DISPLAY,VS D74 DISPLAY NOVA S1 PRO NWD,85005254888,666858411,GNFR,100703915,
74,16 & 19,RV754 NWD,VS D74 DISPLAY SHARK RV754WM ROBOTIC VAC,62235657871,595420794,GNFR,100671223,
74,16 & 19,IHOME DISPLAY,VS D74 DISPLAY IHOME JUNO NWD,85003884667,654745486,GNFR,100686552,
74,16 & 19,EPRO ROBOT VACUUM DISPLAY,VS D74 DISPLAY DD MAPPING ROBOT VAC NWD,85004472832,668114781,GNFR,100705036,
74,16 & 19,LIDAR DUMMY,VS D74 DISPLAY IONVAC LIDAR NWD,84135119430,666832377,1-700-WALMART,NA,
74,17,DSPAZ3000WMP,VS D74 DISPLAY SHARK STRATOS DUOCLEAN,62235659068,652815194,GNFR,100683863,
74,17,DSPNV250WMP,VS D74 DISPLAY SHARK DSPNV250WMP NWD,62235660180,655559082,GNFR,100688857,
74,17,HV WT ALL TRN NWD,VS D74 DISPLAY HOOVER PRO PET 2.0 U NWD,7350205210,662202667,GNFR,100695944,
74,17,SHK VAC DSPLA700WMP,VS D74 DISPLAY SHARK LA700 NWD,62235660776,661883105,GNFR,100695697,
74,17,SHK VAC DSPZU660WMP,VS D74 DISPLAY SHARK ZU660 NWD,62235661414,662020740,GNFR,100695695,
74,17,SHK VAC LIFTAWAY DSP,VS D74 DISPLAY SHARK DSPLA360WMP NWD,62235663749,666840648,GNFR,100703832,
74,17,XCLBOXCGWM CPRSN DSP,VS D74 SHARK UPRIGHT VAC COMPARISN CHART,62235664693,667354602,GNFR,100704241,
74,17,SHARK AZ4000 DISPLAY,VS D74 DISPLAY SHARK AZ4000 NWD,62235664046,670977379,GNFR,100710056,
74,17 & 19,SH NAVIGTOR PET NWD,VS D74 DISPLAY SHARK NV150 NWD,62235655839,575369385,GNFR,100650058,
74,17 & 19,SH NAV LIFT-AWAY NWD,VS D74 DISPLAY SHARK NAV LIFT AWAY 2.0,62235657010,587547522,GNFR,100667344,
74,17 & 19,DSPZD550WMP,VS D74 DISPLAY SHARK LIFTAWAY UPRIGHT,62235659884,653185042,GNFR,100683862,
74,17 & 19,SHK VAC DSPZU100WMP,VS D74 DISPLAY SHARK ZU100 NWD,62235660317,661883104,GNFR,100695696,
74,40,RW ULTM IRON DSP,VS D74 DISPLAY RW IRON DW80,1450116569,575424378,GNFR,100681977,
74,40,DISPLAY RW CORD REEL,VS D74 DISPLAY RW CORD REEL,1450116594,587453158,GNFR,100679829,
74,40,DSP RW PURE POP,VS D74 DISPLAY RW PURE POP,1450116632,655886428,Week 13 2025 Delete,Week 13 2025 Delete,
74,40,DSP RW STMR PERF,VS D74 DISPLAY RW STMR PERF,2310889190,655678841,GNFR,100688878,
74,40,DSP RW PERF IRON,VS D74 DISPLAY RW PERF IRON,2310889270,655678830,GNFR,100688890,
74,40,DSP RW DR88 STEAM,VS D74 DISPLAY DSP RW DR88 STEAM NWD,1450116638,667142301,GNFR,100702412,
74,40,DSP HB IRON DUR FULL,VS D74 DISPLAY HB IRON DUR FULL,4009493002,553577064,GNFR,100635885,
74,40,DSP HB IRON DUR DGTL,VS D74 DISP HAMILTON BEACH DURATHON DGTL,4009493003,553577068,GNFR,100635887,
74,40,DSP HB IRON/STEAM,VS D74 DSP HB IRON/STEAM,4009493389,554980625,GNFR,100653360,
74,40,DSP HB IRON RETCD/NS,D74 DISPLAY HB IRON RETCD/NS,4009493524,550975787,Week 13 2025 Delete,Week 13 2025 Delete,
74,40,DSP CHI IRON RETRCRD,VS D74 DISPLAY CHI RETRACT CORD,4009493801,566792184,Week 13 2025 Delete,Week 13 2025 Delete,
74,40,DSP CHI IRON PRO,VS D74 DISPLAY CHI PROFESSIONAL,4009493802,566792182,GNFR,100635889,
74,40,DSP CHI TRAVEL STMR,VS D74 DISPLAY CHI TRAVEL STMR,4009494289,577926015,GNFR,100657518,
74,40,HAMILTON BEACH HB RE,VS D74 DISPLAY HAMILTON BEACH HB RE,4009494705,587515247,GNFR,100670753,
74,40,CH 360 STM IRON DSP,VS D74 DISPLAY CH 360 STM IRON DSP,4009495547,666206558,GNFR,100702369,
74,40,CHI LAVA IRON DSP,VS D74 DISPLAY CHI LAVA IRON DSP,4009495549,666206557,GNFR,100702460,
74,40,CHI LAVA STEAMER DSP,VS D74 DISPLAY CHI LAVA STEAMER DSP,4009495548,666206559,GNFR,100702461,
74,40,DSP BD IRON PRO,VS D74 DISPLAY BD PRO IRON,5087581590,553614281,GNFR,100635951,
74,40,DSP BD IRON XPRESS,VS D74 DISPLAY BD EXPRESS,5087582264,566953127,GNFR,100635953,
74,40,BD STEAM DISP - PURP,VS D74 DISPLAY BD STEAM FOLD DISP PURP,5087500359,666980452,Week 13 2025 Delete,Week 13 2025 Delete,
74,40,BD IRON DISP - PEARL,VS D74 DISPLAY BD IRON DISP PEARL NWD,5087500360,666980453,GNFR,100702358,
74,40,SF CORDLESS STM IRON,VS D74 DISPLAY SF CORDLESS STM IRON NWD,4376502076,666980456,Week 13 2025 Delete,Week 13 2025 Delete,
74,40,NOMAD TRAVEL STEAMER,VS D74 DISPLAY NOMAD TRAVEL STEAMER NWD,4376502077,666980460,Week 13 2025 Delete,Week 13 2025 Delete,
74,40,DSP SF IRON TRAVEL,VS D74 DISPLAY I3 MINI STEAM IRON NWD,4717172702,557312006,GNFR,100707158,
74,40,DSP CO STMR TURBO,VS D74 DISPLAY CO STEAMER TURBO,7410838667,566792180,GNFR,100641560,
74,40,DSP CO STMR EXTREME,VS D74 DISPLAY GARMENTSTEAMER DI-GS23RS,7410838668,566792181,Week 13 2025 Delete,Week 13 2025 Delete,
74,40,CO STMR SUPR HH DSP,VS D74 DISPLAY CO STMR SUPR HH DSP,7410844728,587172189,GNFR,100673240,
74,40,DSP CO STMR STYLIST,VS D74 DISPLAY CO STMR STYLIST,7410847602,655647123,Week 13 2025 Delete,Week 13 2025 Delete,
74,40,STEAMER DISPLAY,VS D74 DISPLAY CO STEAMER DISPLAY GREEN,7410847626,666570792,GNFR,100702356,
