New - Market Nbr,New - Region Nbr,New - BU Name
1,14,SOUTHEAST BU
2,14,SOUTHEAST BU
3,14,SOUTHEAST BU
4,11,SOUTHEAST BU
5,12,SOUTHEAST BU
7,14,SOUTHEAST BU
8,14,SOUTHEAST BU
9,61,NHM BU
10,14,SOUTHEAST BU
11,11,SOUTHEAST BU
13,14,SOUTHEAST BU
14,14,SOUTHEAST BU
15,14,SOUTHEAST BU
16,14,SOUTHEAST BU
18,2,SOUTHEAST BU
19,2,SOUTHEAST BU
20,2,SOUTHEAST BU
21,2,SOUTHEAST BU
22,2,SOUTHEAST BU
23,2,SOUTHEAST BU
24,2,SOUTHEAST BU
25,2,SOUTHEAST BU
26,2,SOUTHEAST BU
27,3,SOUTHEAST BU
28,3,SOUTHEAST BU
29,4,EAST BU
30,2,SOUTHEAST BU
32,2,SOUTHEAST BU
35,4,EAST BU
36,4,EAST BU
37,4,EAST BU
38,4,EAST BU
39,4,EAST BU
41,4,EAST BU
42,4,EAST BU
44,5,SOUTHWEST BU
45,5,SOUTHWEST BU
46,13,SOUTHWEST BU
47,44,SOUTHWEST BU
48,5,SOUTHWEST BU
49,5,SOUTHWEST BU
50,5,SOUTHWEST BU
51,5,SOUTHWEST BU
52,5,SOUTHWEST BU
53,5,SOUTHWEST BU
55,5,SOUTHWEST BU
56,5,SOUTHWEST BU
58,64,NHM BU
59,6,SOUTHWEST BU
60,6,SOUTHWEST BU
61,6,SOUTHWEST BU
62,6,SOUTHWEST BU
63,6,SOUTHWEST BU
64,6,SOUTHWEST BU
65,6,SOUTHWEST BU
66,13,SOUTHWEST BU
67,6,SOUTHWEST BU
68,13,SOUTHWEST BU
70,7,SOUTHWEST BU
71,7,SOUTHWEST BU
73,7,SOUTHWEST BU
74,7,SOUTHWEST BU
76,5,SOUTHWEST BU
77,7,SOUTHWEST BU
78,7,SOUTHWEST BU
80,7,SOUTHWEST BU
81,7,SOUTHWEST BU
82,6,SOUTHWEST BU
83,6,SOUTHWEST BU
84,6,SOUTHWEST BU
85,6,SOUTHWEST BU
86,7,SOUTHWEST BU
87,6,SOUTHWEST BU
88,7,SOUTHWEST BU
89,3,SOUTHEAST BU
90,9,SOUTHEAST BU
91,9,SOUTHEAST BU
92,9,SOUTHEAST BU
93,3,SOUTHEAST BU
94,3,SOUTHEAST BU
96,72,NHM BU
97,14,SOUTHEAST BU
98,3,SOUTHEAST BU
101,3,SOUTHEAST BU
102,72,NHM BU
103,72,NHM BU
104,3,SOUTHEAST BU
105,9,SOUTHEAST BU
107,9,SOUTHEAST BU
108,9,SOUTHEAST BU
109,9,SOUTHEAST BU
110,9,SOUTHEAST BU
111,3,SOUTHEAST BU
112,3,SOUTHEAST BU
114,3,SOUTHEAST BU
115,9,SOUTHEAST BU
116,9,SOUTHEAST BU
118,9,SOUTHEAST BU
119,12,SOUTHEAST BU
120,12,SOUTHEAST BU
121,12,SOUTHEAST BU
122,12,SOUTHEAST BU
123,12,SOUTHEAST BU
124,12,SOUTHEAST BU
125,13,SOUTHWEST BU
127,42,SOUTHEAST BU
128,13,SOUTHWEST BU
129,13,SOUTHWEST BU
130,13,SOUTHWEST BU
131,13,SOUTHWEST BU
132,13,SOUTHWEST BU
134,13,SOUTHWEST BU
135,42,SOUTHEAST BU
136,11,SOUTHEAST BU
137,11,SOUTHEAST BU
138,11,SOUTHEAST BU
140,11,SOUTHEAST BU
141,13,SOUTHWEST BU
143,13,SOUTHWEST BU
144,11,SOUTHEAST BU
145,11,SOUTHEAST BU
146,11,SOUTHEAST BU
147,11,SOUTHEAST BU
149,12,SOUTHEAST BU
151,12,SOUTHEAST BU
152,12,SOUTHEAST BU
153,12,SOUTHEAST BU
154,16,EAST BU
156,16,EAST BU
157,16,EAST BU
159,16,EAST BU
160,16,EAST BU
161,17,EAST BU
162,17,EAST BU
163,17,EAST BU
164,17,EAST BU
165,22,EAST BU
166,22,EAST BU
167,22,EAST BU
168,22,EAST BU
170,22,EAST BU
171,17,EAST BU
172,17,EAST BU
173,17,EAST BU
174,17,EAST BU
175,17,EAST BU
176,17,EAST BU
178,22,EAST BU
179,16,EAST BU
180,16,EAST BU
181,16,EAST BU
183,16,EAST BU
184,16,EAST BU
187,16,EAST BU
188,16,EAST BU
189,16,EAST BU
190,17,EAST BU
191,76,EAST BU
192,76,EAST BU
194,76,EAST BU
195,76,EAST BU
196,53,NORTH BU
197,19,NORTH BU
200,19,NORTH BU
201,19,NORTH BU
202,19,NORTH BU
203,19,NORTH BU
204,19,NORTH BU
205,19,NORTH BU
206,19,NORTH BU
207,19,NORTH BU
208,20,NORTH BU
209,20,NORTH BU
213,19,NORTH BU
214,20,NORTH BU
215,20,NORTH BU
216,20,NORTH BU
217,21,NORTH BU
218,21,NORTH BU
219,21,NORTH BU
221,21,NORTH BU
222,21,NORTH BU
223,21,NORTH BU
225,21,NORTH BU
226,17,EAST BU
227,20,NORTH BU
228,76,EAST BU
229,20,NORTH BU
231,76,EAST BU
232,22,EAST BU
233,22,EAST BU
234,22,EAST BU
235,20,NORTH BU
237,22,EAST BU
238,19,NORTH BU
239,21,NORTH BU
242,41,NORTH BU
243,41,NORTH BU
246,21,NORTH BU
247,21,NORTH BU
248,21,NORTH BU
249,41,NORTH BU
251,41,NORTH BU
253,41,NORTH BU
254,41,NORTH BU
256,41,NORTH BU
257,41,NORTH BU
258,20,NORTH BU
259,21,NORTH BU
260,41,NORTH BU
262,25,NORTH BU
263,53,NORTH BU
264,25,NORTH BU
265,25,NORTH BU
266,25,NORTH BU
267,25,NORTH BU
268,25,NORTH BU
269,25,NORTH BU
270,25,NORTH BU
271,41,NORTH BU
272,40,NORTH BU
273,25,NORTH BU
275,25,NORTH BU
278,25,NORTH BU
279,25,NORTH BU
280,76,EAST BU
281,75,EAST BU
282,75,EAST BU
283,76,EAST BU
284,22,EAST BU
285,22,EAST BU
286,76,EAST BU
287,75,EAST BU
288,75,EAST BU
289,75,EAST BU
290,75,EAST BU
291,75,EAST BU
292,76,EAST BU
293,75,EAST BU
294,4,EAST BU
296,26,EAST BU
297,26,EAST BU
298,26,EAST BU
299,26,EAST BU
300,4,EAST BU
301,26,EAST BU
302,26,EAST BU
304,26,EAST BU
305,26,EAST BU
306,26,EAST BU
308,26,EAST BU
309,26,EAST BU
310,4,EAST BU
311,20,NORTH BU
312,75,EAST BU
314,75,EAST BU
315,75,EAST BU
316,20,NORTH BU
317,20,NORTH BU
320,76,EAST BU
321,42,SOUTHEAST BU
322,42,SOUTHEAST BU
323,42,SOUTHEAST BU
324,42,SOUTHEAST BU
325,42,SOUTHEAST BU
326,42,SOUTHEAST BU
327,42,SOUTHEAST BU
328,42,SOUTHEAST BU
329,11,SOUTHEAST BU
333,40,NORTH BU
334,42,SOUTHEAST BU
335,40,NORTH BU
336,40,NORTH BU
339,40,NORTH BU
340,40,NORTH BU
341,40,NORTH BU
344,44,SOUTHWEST BU
345,44,SOUTHWEST BU
347,44,SOUTHWEST BU
349,44,SOUTHWEST BU
350,44,SOUTHWEST BU
351,44,SOUTHWEST BU
352,44,SOUTHWEST BU
353,44,SOUTHWEST BU
356,44,SOUTHWEST BU
357,40,NORTH BU
359,40,NORTH BU
360,40,NORTH BU
361,40,NORTH BU
362,40,NORTH BU
364,58,WEST BU
365,58,WEST BU
366,46,SOUTHWEST BU
367,46,SOUTHWEST BU
368,46,SOUTHWEST BU
369,46,SOUTHWEST BU
370,46,SOUTHWEST BU
371,46,SOUTHWEST BU
372,46,SOUTHWEST BU
373,46,SOUTHWEST BU
375,46,SOUTHWEST BU
376,54,WEST BU
378,54,WEST BU
379,54,WEST BU
380,54,WEST BU
381,47,WEST BU
382,47,WEST BU
383,47,WEST BU
384,46,SOUTHWEST BU
385,46,SOUTHWEST BU
387,46,SOUTHWEST BU
388,54,WEST BU
389,54,WEST BU
391,54,WEST BU
392,56,WEST BU
394,57,WEST BU
396,57,WEST BU
397,61,NHM BU
399,56,WEST BU
400,56,WEST BU
401,54,WEST BU
403,54,WEST BU
405,57,WEST BU
406,47,WEST BU
407,47,WEST BU
409,44,SOUTHWEST BU
410,44,SOUTHWEST BU
411,47,WEST BU
412,52,WEST BU
413,52,WEST BU
414,52,WEST BU
415,52,WEST BU
418,52,WEST BU
419,52,WEST BU
421,52,WEST BU
422,52,WEST BU
423,52,WEST BU
424,52,WEST BU
425,53,NORTH BU
426,52,WEST BU
427,47,WEST BU
429,47,WEST BU
430,47,WEST BU
432,47,WEST BU
433,47,WEST BU
435,53,NORTH BU
436,53,NORTH BU
438,53,NORTH BU
439,53,NORTH BU
440,53,NORTH BU
441,53,NORTH BU
442,53,NORTH BU
444,53,NORTH BU
445,58,WEST BU
446,57,WEST BU
447,57,WEST BU
448,57,WEST BU
449,57,WEST BU
450,57,WEST BU
451,56,WEST BU
452,56,WEST BU
453,56,WEST BU
454,56,WEST BU
455,56,WEST BU
457,56,WEST BU
458,58,WEST BU
459,58,WEST BU
460,58,WEST BU
461,58,WEST BU
462,58,WEST BU
463,58,WEST BU
464,58,WEST BU
465,57,WEST BU
466,58,WEST BU
467,60,WEST BU
468,56,WEST BU
469,60,WEST BU
470,57,WEST BU
471,60,WEST BU
472,60,WEST BU
473,60,WEST BU
474,60,WEST BU
475,60,WEST BU
476,60,WEST BU
477,60,WEST BU
478,60,WEST BU
479,5,SOUTHWEST BU
481,61,NHM BU
482,41,NORTH BU
484,57,WEST BU
485,59,NHM BU
488,72,NHM BU
490,61,NHM BU
491,61,NHM BU
492,72,NHM BU
494,59,NHM BU
496,59,NHM BU
497,59,NHM BU
498,59,NHM BU
499,59,NHM BU
500,59,NHM BU
502,59,NHM BU
503,13,SOUTHWEST BU
504,64,NHM BU
505,7,SOUTHWEST BU
506,7,SOUTHWEST BU
507,64,NHM BU
508,75,EAST BU
509,59,NHM BU
510,61,NHM BU
511,56,WEST BU
512,61,NHM BU
514,60,WEST BU
515,61,NHM BU
526,64,NHM BU
528,64,NHM BU
533,64,NHM BU
534,72,NHM BU
537,72,NHM BU
538,72,NHM BU
541,64,NHM BU
542,64,NHM BU
543,64,NHM BU
544,72,NHM BU
545,72,NHM BU
546,59,NHM BU
548,72,NHM BU
549,72,NHM BU
550,61,NHM BU
551,61,NHM BU
552,61,NHM BU
553,9,SOUTHEAST BU
554,59,NHM BU
557,61,NHM BU
558,22,EAST BU
559,72,NHM BU
561,64,NHM BU
562,64,NHM BU
566,59,NHM BU
569,7,SOUTHWEST BU
570,64,NHM BU
577,17,EAST BU
580,41,NORTH BU
581,57,WEST BU
582,54,WEST BU
583,5,SOUTHWEST BU
585,54,WEST BU
801,29,SOUTHEAST BU
811,29,SOUTHEAST BU
